filepath,n_img,n_svg,n_video,n_audio,n_canvas,n_css_links,n_icon_links,n_inline_styles,unique_classes
datasets/CleanSet1/html/123av.com_clean.html,2,0,0,0,0,2,1,2,89
datasets/CleanSet1/html/163.com_clean.html,59,0,0,0,0,2,1,22,287
datasets/CleanSet1/html/166.com_clean.html,1,0,0,0,0,0,0,4,0
datasets/CleanSet1/html/1c.ru_clean.html,15,13,1,0,0,1,0,3,96
datasets/CleanSet1/html/1drv.com_clean.html,2,0,0,0,0,3,1,0,83
datasets/CleanSet1/html/2gis.com_clean.html,6,32,0,0,0,0,2,32,128
datasets/CleanSet1/html/360.cn_clean.html,181,0,0,0,0,3,2,39,169
datasets/CleanSet1/html/360safe.com_clean.html,124,0,0,0,0,3,1,23,144
datasets/CleanSet1/html/360yield.com_clean.html,0,0,0,0,0,6,0,0,0
datasets/CleanSet1/html/3bmeteo.com_clean.html,46,0,0,0,0,7,15,27,131
datasets/CleanSet1/html/3lift.com_clean.html,0,0,0,0,0,0,0,0,0
datasets/CleanSet1/html/66lottery20.com_clean.html,0,0,0,0,0,1,1,2,6
datasets/CleanSet1/html/9animetv.to_clean.html,7,0,0,0,0,4,1,5,117
datasets/CleanSet1/html/a-mo.net_clean.html,0,0,0,0,0,0,0,0,0
datasets/CleanSet1/html/aajtak.in_clean.html,148,142,0,0,0,0,2,121,383
datasets/CleanSet1/html/abc.es_clean.html,97,116,0,0,0,1,16,15,371
datasets/CleanSet1/html/abc.net.au_clean.html,36,54,0,0,0,7,4,43,339
datasets/CleanSet1/html/abola.pt_clean.html,271,128,0,0,0,1,4,8,529
datasets/CleanSet1/html/about.com_clean.html,2,6,0,0,0,9,5,10,65
datasets/CleanSet1/html/aboutads.info_clean.html,8,0,0,0,0,2,1,0,145
datasets/CleanSet1/html/absher.sa_clean.html,23,0,0,0,0,1,1,0,28
datasets/CleanSet1/html/academia.edu_clean.html,147,8,0,0,0,9,15,270,187
datasets/CleanSet1/html/accuweather.com_clean.html,3,42,0,0,0,4,0,2,131
datasets/CleanSet1/html/acesso.gov.br_clean.html,0,0,0,0,0,8,1,0,0
datasets/CleanSet1/html/acm.org_clean.html,63,0,0,0,0,4,1,60,111
datasets/CleanSet1/html/acs.org_clean.html,22,0,0,0,0,4,1,67,181
datasets/CleanSet1/html/actu.fr_clean.html,70,0,0,0,0,2,5,10,149
datasets/CleanSet1/html/adblockplus.org_clean.html,29,4,0,0,0,5,0,0,92
datasets/CleanSet1/html/addtoany.com_clean.html,0,3,0,0,0,2,2,0,68
datasets/CleanSet1/html/adjust.com_clean.html,23,53,0,0,0,12,0,252,389
datasets/CleanSet1/html/admanmedia.com_clean.html,37,0,0,0,0,7,1,42,104
datasets/CleanSet1/html/admin.ch_clean.html,18,0,0,0,0,3,11,1,155
datasets/CleanSet1/html/adobe.io_clean.html,18,11,0,0,0,0,2,50,205
datasets/CleanSet1/html/adriver.ru_clean.html,3,4,0,0,0,19,3,8,92
datasets/CleanSet1/html/adroll.com_clean.html,28,7,0,0,0,2,1,1,86
datasets/CleanSet1/html/adsafeprotected.com_clean.html,0,0,0,0,0,0,0,0,0
datasets/CleanSet1/html/adsrvr.org_clean.html,2,0,0,0,0,2,0,5,11
datasets/CleanSet1/html/adtrafficquality.google_clean.html,0,16,0,0,0,3,4,1,103
datasets/CleanSet1/html/afternic.com_clean.html,17,24,0,0,0,4,1,116,150
datasets/CleanSet1/html/aftonbladet.se_clean.html,30,22,0,0,0,0,15,32,145
datasets/CleanSet1/html/agoda.com_clean.html,0,0,0,0,0,3,1,0,8
datasets/CleanSet1/html/agora.io_clean.html,182,48,0,0,0,2,2,226,428
datasets/CleanSet1/html/airbnb.com_clean.html,1,7,3,0,0,1,8,111,715
datasets/CleanSet1/html/alibaba.com_clean.html,6,1,0,0,0,0,1,91,27
datasets/CleanSet1/html/alidns.com_clean.html,26,4,0,0,0,1,1,0,305
datasets/CleanSet1/html/aliexpress.com_clean.html,0,0,0,0,0,2,1,8,44
datasets/CleanSet1/html/alipaydns.com_clean.html,1,0,0,0,0,0,0,2,0
datasets/CleanSet1/html/aliyun.com_clean.html,5,8,0,0,0,4,1,22,169
datasets/CleanSet1/html/allyonostore.com_clean.html,76,0,0,0,0,0,4,3,61
datasets/CleanSet1/html/alphonso.tv_clean.html,0,0,0,0,0,11,4,0,127
datasets/CleanSet1/html/alura.com.br_clean.html,109,25,0,0,0,34,1,31,414
datasets/CleanSet1/html/amagi.tv_clean.html,0,0,0,0,0,0,0,0,0
datasets/CleanSet1/html/amazon.ca_clean.html,136,0,0,0,0,6,1,174,478
datasets/CleanSet1/html/amazon.co.jp_clean.html,40,0,0,0,0,6,1,30,335
datasets/CleanSet1/html/amazon.co.uk_clean.html,1,0,0,0,0,1,0,2,31
datasets/CleanSet1/html/amazon.com.au_clean.html,83,0,0,0,0,6,1,234,365
datasets/CleanSet1/html/amazon.com.br_clean.html,170,0,0,0,0,6,1,224,480
datasets/CleanSet1/html/amazon.com.mx_clean.html,11,0,0,0,0,2,1,11,122
datasets/CleanSet1/html/amazon.com.tr_clean.html,23,0,0,0,0,6,1,22,239
datasets/CleanSet1/html/amazon.com_clean.html,1,0,0,0,0,1,0,2,31
datasets/CleanSet1/html/amazon.de_clean.html,1,0,0,0,0,1,0,2,31
datasets/CleanSet1/html/amazon.eg_clean.html,29,0,0,0,0,6,1,26,249
datasets/CleanSet1/html/amazon.es_clean.html,1,0,0,0,0,1,0,2,31
datasets/CleanSet1/html/amazon.fr_clean.html,1,0,0,0,0,1,0,2,31
datasets/CleanSet1/html/amazon.in_clean.html,1,0,0,0,0,1,0,2,31
datasets/CleanSet1/html/amazon.it_clean.html,1,0,0,0,0,1,0,2,31
datasets/CleanSet1/html/amazonalexa.com_clean.html,44,0,11,0,0,23,0,333,335
datasets/CleanSet1/html/amazonaws.com_clean.html,4,71,0,0,0,12,6,165,703
datasets/CleanSet1/html/amazontrust.com_clean.html,1,0,0,0,0,1,0,0,8
datasets/CleanSet1/html/amazonvideo.com_clean.html,17,22,0,0,0,8,16,28,156
datasets/CleanSet1/html/amd.com_clean.html,35,0,0,0,0,6,2,8,256
datasets/CleanSet1/html/ameba.jp_clean.html,83,28,0,0,0,1,0,58,250
datasets/CleanSet1/html/ameblo.jp_clean.html,126,23,0,0,0,3,2,3,178
datasets/CleanSet1/html/americanexpress.com_clean.html,13,8,0,0,0,1,1,6,206
datasets/CleanSet1/html/amplitude.com_clean.html,67,12,0,0,0,10,3,125,563
datasets/CleanSet1/html/ampproject.org_clean.html,1,68,0,0,0,0,1,5,120
datasets/CleanSet1/html/amzn.to_clean.html,14,0,0,0,0,2,1,10,141
datasets/CleanSet1/html/an1.com_clean.html,67,26,0,0,0,1,4,43,113
datasets/CleanSet1/html/ancestry.com_clean.html,12,0,0,0,0,5,2,506,286
datasets/CleanSet1/html/android.com_clean.html,29,95,4,0,0,4,8,71,328
datasets/CleanSet1/html/aniview.com_clean.html,53,0,0,0,0,45,1,31,669
datasets/CleanSet1/html/aniwatchtv.to_clean.html,8,0,0,0,0,3,7,1,84
datasets/CleanSet1/html/antarvasna3.com_clean.html,5,0,0,0,0,12,0,31,310
datasets/CleanSet1/html/anydesk.com_clean.html,95,0,0,0,0,4,5,8,304
datasets/CleanSet1/html/aol.com_clean.html,670,158,0,0,0,24,13,21,1007
datasets/CleanSet1/html/apa.org_clean.html,0,0,0,0,0,0,0,0,0
datasets/CleanSet1/html/apache.org_clean.html,49,0,0,0,0,6,15,1,110
datasets/CleanSet1/html/apnews.com_clean.html,157,361,219,0,0,2,3,26,226
datasets/CleanSet1/html/apornvideo.com_clean.html,17,0,0,0,0,1,14,49,57
datasets/CleanSet1/html/appcenter.ms_clean.html,7,1,0,0,0,1,0,2,49
datasets/CleanSet1/html/apple.com_clean.html,0,29,0,0,0,7,0,6,184
datasets/CleanSet1/html/apple.news_clean.html,0,0,0,0,0,2,2,0,16
datasets/CleanSet1/html/applovin.com_clean.html,3,10,0,0,0,1,1,6,168
datasets/CleanSet1/html/appsflyer.com_clean.html,31,1,0,0,0,12,3,3,371
datasets/CleanSet1/html/appspot.com_clean.html,1,2,0,1,0,0,0,0,105
datasets/CleanSet1/html/arabx.cam_clean.html,31,0,0,0,0,2,6,50,57
datasets/CleanSet1/html/arbada.com_clean.html,44,0,0,0,0,2,1,54,57
datasets/CleanSet1/html/arcgis.com_clean.html,1,0,0,0,0,4,1,2,38
datasets/CleanSet1/html/archive.org_clean.html,0,0,0,0,0,1,1,0,1
datasets/CleanSet1/html/archiveofourown.org_clean.html,1,2,0,0,0,6,0,0,69
datasets/CleanSet1/html/argos.co.uk_clean.html,43,48,0,0,0,3,0,45,345
datasets/CleanSet1/html/armgs.team_clean.html,100,2,0,0,0,9,1,96,288
datasets/CleanSet1/html/arstechnica.com_clean.html,61,129,0,0,0,4,3,5,669
datasets/CleanSet1/html/arxiv.org_clean.html,4,7,0,0,0,3,4,13,51
datasets/CleanSet1/html/asu.edu_clean.html,24,4,0,0,0,2,1,5,221
datasets/CleanSet1/html/asuracomic.net_clean.html,126,310,0,0,0,5,1,339,457
datasets/CleanSet1/html/asus.com_clean.html,22,26,0,0,0,14,1,63,200
datasets/CleanSet1/html/atlassian.com_clean.html,70,209,3,0,0,2,0,916,1485
datasets/CleanSet1/html/atlassian.net_clean.html,62,22,0,0,0,1,4,141,279
datasets/CleanSet1/html/att.com_clean.html,0,22,0,0,0,1,0,8,262
datasets/CleanSet1/html/att.net_clean.html,32,164,0,0,0,2,1,31,718
datasets/CleanSet1/html/attn.tv_clean.html,120,0,0,0,0,1,2,1,323
datasets/CleanSet1/html/aucey.com_clean.html,3,0,0,0,0,1,0,1,23
datasets/CleanSet1/html/autodesk.com_clean.html,63,105,1,0,0,10,3,37,475
datasets/CleanSet1/html/avast.com_clean.html,209,0,0,0,0,21,2,74,491
datasets/CleanSet1/html/avira.com_clean.html,10,0,0,0,0,2,3,3,367
datasets/CleanSet1/html/avito.ru_clean.html,101,112,0,0,0,7,1,336,334
datasets/CleanSet1/html/az24.vn_clean.html,13,0,0,0,0,1,1,10,193
datasets/CleanSet1/html/azure.com_clean.html,105,3,0,0,0,26,1,36,464
datasets/CleanSet1/html/azure.net_clean.html,99,2,0,0,0,26,1,35,392
datasets/CleanSet1/html/b-cdn.net_clean.html,107,1,1,0,0,1,9,72,258
datasets/CleanSet1/html/baidu.com_clean.html,30,8,0,0,0,2,3,40,211
datasets/CleanSet1/html/bakecaincontrii.com_clean.html,0,16,0,0,0,1,1,0,143
datasets/CleanSet1/html/bakusai.com_clean.html,5,0,1,0,0,0,2,3,63
datasets/CleanSet1/html/bankofamerica.com_clean.html,33,24,0,0,0,2,6,0,194
datasets/CleanSet1/html/banxia.la_clean.html,11,0,0,0,0,2,1,10,52
datasets/CleanSet1/html/barnesandnoble.com_clean.html,310,0,0,0,0,3,17,5,111
datasets/CleanSet1/html/bato.to_clean.html,114,0,0,0,0,5,2,4,136
datasets/CleanSet1/html/battwo.com_clean.html,114,0,0,0,0,5,2,4,136
datasets/CleanSet1/html/bb2r.com_clean.html,1,0,0,0,0,1,0,0,6
datasets/CleanSet1/html/bbc.co.uk_clean.html,87,94,0,0,0,0,18,1,387
datasets/CleanSet1/html/bbc.com_clean.html,102,75,0,0,0,1,5,4,363
datasets/CleanSet1/html/beboo.ru_clean.html,2,0,0,0,0,0,14,3,78
datasets/CleanSet1/html/beeline.ru_clean.html,29,5,0,0,0,5,4,92,210
datasets/CleanSet1/html/beget.com_clean.html,0,0,0,0,0,0,0,0,0
datasets/CleanSet1/html/beget.ru_clean.html,0,0,0,0,0,0,0,0,0
datasets/CleanSet1/html/berkeley.edu_clean.html,27,0,1,0,0,5,1,10,207
datasets/CleanSet1/html/betika.com_clean.html,1,0,0,0,0,3,6,1,3
datasets/CleanSet1/html/betpawa.ug_clean.html,0,0,0,0,0,0,1,0,0
datasets/CleanSet1/html/betway.co.za_clean.html,0,0,0,0,0,3,4,0,0
datasets/CleanSet1/html/betweendigital.com_clean.html,0,0,0,0,0,2,0,1,0
datasets/CleanSet1/html/bfmtv.com_clean.html,310,29,0,0,0,5,8,8,204
datasets/CleanSet1/html/bhojpurisex.site_clean.html,51,0,0,0,0,10,2,0,214
datasets/CleanSet1/html/biblegateway.com_clean.html,7,22,0,0,0,4,4,3,138
datasets/CleanSet1/html/bidmachine.io_clean.html,40,0,1,0,0,1,2,22,150
datasets/CleanSet1/html/bikewale.com_clean.html,188,86,0,0,0,1,0,339,412
datasets/CleanSet1/html/bild.de_clean.html,276,75,0,0,0,1,16,394,239
datasets/CleanSet1/html/bilibili.com_clean.html,25,55,0,0,0,7,2,93,117
datasets/CleanSet1/html/bilibili.tv_clean.html,2,0,0,0,0,2,2,36,47
datasets/CleanSet1/html/bing.com_clean.html,2,7,0,0,0,0,1,11,113
datasets/CleanSet1/html/biomedcentral.com_clean.html,8,8,0,0,0,3,5,8,87
datasets/CleanSet1/html/bit.ly_clean.html,82,11,0,0,0,1,1,46,310
datasets/CleanSet1/html/bitdefender.net_clean.html,18,4,0,0,0,7,15,36,328
datasets/CleanSet1/html/bitrix24.ru_clean.html,15,69,8,0,0,14,5,4146,529
datasets/CleanSet1/html/blic.rs_clean.html,121,127,0,0,0,1,3,26,157
datasets/CleanSet1/html/blogger.com_clean.html,42,5,0,0,0,2,15,1,96
datasets/CleanSet1/html/blogspot.com_clean.html,42,5,0,0,0,2,15,1,96
datasets/CleanSet1/html/bloomberg.com_clean.html,90,72,1,2,0,27,1,96,375
datasets/CleanSet1/html/boardgamearena.com_clean.html,16,0,0,0,0,3,13,23,54
datasets/CleanSet1/html/booking.com_clean.html,17,38,0,0,0,41,4,394,404
datasets/CleanSet1/html/bootstrapcdn.com_clean.html,1,14,0,0,0,2,5,1,109
datasets/CleanSet1/html/botinok.porn_clean.html,237,0,0,0,0,1,4,0,16
datasets/CleanSet1/html/box.com_clean.html,83,21,0,0,0,0,12,31,214
datasets/CleanSet1/html/boyfriendtv.com_clean.html,193,15,0,0,0,2,13,155,226
datasets/CleanSet1/html/bpexch.net_clean.html,1,0,0,0,0,11,1,7,23
datasets/CleanSet1/html/branch.io_clean.html,39,4,0,0,0,5,2,23,292
datasets/CleanSet1/html/brave.com_clean.html,30,1,0,0,0,3,4,18,608
datasets/CleanSet1/html/braze.com_clean.html,37,79,0,0,0,4,1,77,574
datasets/CleanSet1/html/britannica.com_clean.html,59,1,0,0,0,5,1,45,345
datasets/CleanSet1/html/bsky.app_clean.html,0,1,0,0,0,1,4,0,0
datasets/CleanSet1/html/business.site_clean.html,41,40,1,0,0,7,3,64,431
datasets/CleanSet1/html/businessinsider.com_clean.html,154,46,0,0,0,2,14,18,301
datasets/CleanSet1/html/buzzfeed.com_clean.html,8,33,1,0,0,0,7,33,159
datasets/CleanSet1/html/ca.gov_clean.html,10,0,0,0,0,2,12,5,192
datasets/CleanSet1/html/cafef.vn_clean.html,18,1,0,0,0,0,1,10,196
datasets/CleanSet1/html/caixa.gov.br_clean.html,34,0,0,0,0,10,2,21,162
datasets/CleanSet1/html/calculator.net_clean.html,6,0,0,0,0,2,3,3,10
datasets/CleanSet1/html/calendly.com_clean.html,0,0,0,0,0,1,1,0,3
datasets/CleanSet1/html/cam4.com_clean.html,75,168,0,0,0,1,5,30,220
datasets/CleanSet1/html/canada.ca_clean.html,8,0,0,0,0,3,1,0,22
datasets/CleanSet1/html/capcut.com_clean.html,27,15,16,0,0,4,1,6,145
datasets/CleanSet1/html/cardgames.io_clean.html,4,0,0,0,0,1,3,5,53
datasets/CleanSet1/html/carsensor.net_clean.html,65,0,0,0,0,7,2,21,337
datasets/CleanSet1/html/carwale.com_clean.html,135,70,0,0,0,1,1,376,431
datasets/CleanSet1/html/casalemedia.com_clean.html,32,21,0,0,0,6,3,43,359
datasets/CleanSet1/html/cbsnews.com_clean.html,118,84,1,0,0,1,3,9,221
datasets/CleanSet1/html/cdc.gov_clean.html,21,0,0,0,0,3,4,0,162
datasets/CleanSet1/html/cdiscount.com_clean.html,0,2,0,0,0,0,0,0,9
datasets/CleanSet1/html/cdnvideo.ru_clean.html,260,41,0,0,0,37,3,26,360
datasets/CleanSet1/html/change.org_clean.html,25,49,0,0,0,1,4,58,441
datasets/CleanSet1/html/character.ai_clean.html,0,0,0,0,0,1,2,0,9
datasets/CleanSet1/html/chaturbate.com_clean.html,10,1,0,0,0,3,12,13,82
datasets/CleanSet1/html/checkpoint.com_clean.html,40,1,0,0,5,15,4,9,195
datasets/CleanSet1/html/chess.com_clean.html,10,14,0,0,0,11,5,1,142
datasets/CleanSet1/html/chinamobile.com_clean.html,0,0,0,0,0,0,0,0,0
datasets/CleanSet1/html/cisco.com_clean.html,20,19,0,0,0,3,0,2,192
datasets/CleanSet1/html/clarity.ms_clean.html,0,0,0,0,0,0,0,0,0
datasets/CleanSet1/html/classlink.com_clean.html,98,5,1,0,0,1,2,55,309
datasets/CleanSet1/html/clevelandclinic.org_clean.html,29,1,0,0,0,2,6,2,206
datasets/CleanSet1/html/clever.com_clean.html,63,39,0,0,0,7,3,1,241
datasets/CleanSet1/html/cloud.com_clean.html,6,1,0,0,0,4,5,48,81
datasets/CleanSet1/html/cloud.microsoft_clean.html,16,18,0,0,0,4,1,37,157
datasets/CleanSet1/html/cloudflare-dns.com_clean.html,0,21,0,0,0,2,1,14,84
datasets/CleanSet1/html/cloudflare.com_clean.html,78,62,0,0,0,3,1,127,539
datasets/CleanSet1/html/cloudflareinsights.com_clean.html,1,0,0,0,0,0,0,2,0
datasets/CleanSet1/html/cloudinary.com_clean.html,58,9,1,0,0,11,10,34,235
datasets/CleanSet1/html/cloudns.net_clean.html,35,3,0,0,0,8,2,1,256
datasets/CleanSet1/html/cmoa.jp_clean.html,311,0,0,0,0,4,3,250,223
datasets/CleanSet1/html/cmu.edu_clean.html,25,12,0,0,0,6,1,1,148
datasets/CleanSet1/html/cnbc.com_clean.html,48,23,0,0,0,1,1,50,327
datasets/CleanSet1/html/cnet.com_clean.html,126,137,6,0,0,1,7,35,389
datasets/CleanSet1/html/cnn.com_clean.html,56,120,3,0,0,0,2,34,557
datasets/CleanSet1/html/cnnbrasil.com.br_clean.html,172,76,0,0,0,4,1,71,736
datasets/CleanSet1/html/com.se_clean.html,3,0,0,0,0,3,0,3,64
datasets/CleanSet1/html/conectate.com.do_clean.html,5,0,0,0,0,10,9,6,127
datasets/CleanSet1/html/connatix.com_clean.html,20,45,3,0,0,30,1,377,444
datasets/CleanSet1/html/consultant.ru_clean.html,6,4,0,0,0,2,5,2,157
datasets/CleanSet1/html/contextweb.com_clean.html,0,0,0,0,0,0,0,0,0
datasets/CleanSet1/html/conviva.com_clean.html,42,374,0,0,0,6,2,11,299
datasets/CleanSet1/html/cookiedatabase.org_clean.html,8,10,0,0,0,23,0,1,288
datasets/CleanSet1/html/cookielaw.org_clean.html,16,0,0,0,0,4,1,0,288
datasets/CleanSet1/html/cookpad.com_clean.html,21,22,0,0,0,3,9,0,309
datasets/CleanSet1/html/cornell.edu_clean.html,10,0,2,0,0,3,4,10,170
datasets/CleanSet1/html/corriere.it_clean.html,216,0,0,0,0,2,5,461,464
datasets/CleanSet1/html/costco.com_clean.html,44,109,0,0,0,4,0,50,292
datasets/CleanSet1/html/coursera.org_clean.html,37,13,0,0,0,1,14,96,326
datasets/CleanSet1/html/cpanel.net_clean.html,11,15,0,0,0,8,3,8,102
datasets/CleanSet1/html/crashlytics.com_clean.html,14,2,0,0,0,7,2,0,170
datasets/CleanSet1/html/crazygames.com_clean.html,108,27,0,0,0,7,9,284,110
datasets/CleanSet1/html/creativecommons.org_clean.html,13,2,0,0,0,2,3,5,53
datasets/CleanSet1/html/cricbuzz.com_clean.html,48,0,0,0,0,1,2,69,203
datasets/CleanSet1/html/criteo.com_clean.html,52,0,0,0,0,7,4,25,428
datasets/CleanSet1/html/crpt.ru_clean.html,0,8,3,0,0,2,1,30,75
datasets/CleanSet1/html/cursor.sh_clean.html,86,60,0,0,0,4,3,378,493
datasets/CleanSet1/html/dafont.com_clean.html,21,0,0,0,0,1,1,55,32
datasets/CleanSet1/html/dagbladet.no_clean.html,129,70,27,0,0,6,13,731,365
datasets/CleanSet1/html/dailymail.co.uk_clean.html,563,4,0,0,0,15,6,185,336
datasets/CleanSet1/html/dailymotion.com_clean.html,0,0,0,0,0,1,16,1,5
datasets/CleanSet1/html/dantri.com.vn_clean.html,179,19,0,0,0,0,1,9,296
datasets/CleanSet1/html/datadoghq.com_clean.html,26,19,11,0,0,3,3,34,529
datasets/CleanSet1/html/datadome.co_clean.html,55,84,0,0,0,7,4,87,263
datasets/CleanSet1/html/datto.com_clean.html,51,26,0,0,0,3,3,96,380
datasets/CleanSet1/html/daum.net_clean.html,0,0,0,0,0,2,1,0,0
datasets/CleanSet1/html/dbankcloud.cn_clean.html,2,0,0,0,0,0,0,6,0
datasets/CleanSet1/html/dbankcloud.com_clean.html,2,0,0,0,0,0,0,6,0
datasets/CleanSet1/html/dcinside.com_clean.html,343,0,0,0,0,3,1,543,392
datasets/CleanSet1/html/ddns.net_clean.html,3,0,0,0,0,1,1,13,134
datasets/CleanSet1/html/debian.org_clean.html,16,0,0,0,0,4,1,4,30
datasets/CleanSet1/html/deepintent.com_clean.html,81,69,1,0,0,1,2,2,280
datasets/CleanSet1/html/deepl.com_clean.html,48,52,1,0,0,2,4,11,737
datasets/CleanSet1/html/deezer.com_clean.html,6,32,0,0,0,4,7,19,153
datasets/CleanSet1/html/dell.com_clean.html,26,49,0,0,0,4,0,36,380
datasets/CleanSet1/html/deloitte.com_clean.html,43,0,1,0,0,8,6,22,366
datasets/CleanSet1/html/deltaork.com_clean.html,94,0,0,0,0,3,2,10,41
datasets/CleanSet1/html/desitales2.com_clean.html,2,39,0,0,0,7,3,14,271
datasets/CleanSet1/html/desitelugusex.com_clean.html,17,0,0,0,0,1,14,48,58
datasets/CleanSet1/html/deviantart.com_clean.html,64,139,0,0,0,1,12,271,306
datasets/CleanSet1/html/digicert.com_clean.html,52,0,1,0,0,6,3,227,238
datasets/CleanSet1/html/digikala.com_clean.html,1,0,0,0,0,4,0,1,0
datasets/CleanSet1/html/digitalocean.com_clean.html,46,87,2,0,0,1,6,49,285
datasets/CleanSet1/html/diretta.it_clean.html,4,58,0,0,0,38,4,2,195
datasets/CleanSet1/html/discord.com_clean.html,170,26,6,6,0,2,2,6,323
datasets/CleanSet1/html/discord.gg_clean.html,170,26,6,6,0,2,2,6,323
datasets/CleanSet1/html/discordapp.com_clean.html,170,26,6,6,0,2,2,6,323
datasets/CleanSet1/html/disneyplus.com_clean.html,107,61,6,0,0,3,4,48,272
datasets/CleanSet1/html/disqus.com_clean.html,0,0,0,0,0,0,14,1,0
datasets/CleanSet1/html/divar.ir_clean.html,2,0,0,0,0,8,6,3,82
datasets/CleanSet1/html/dlsite.com_clean.html,15,0,0,0,0,7,8,28,170
datasets/CleanSet1/html/dns.google_clean.html,0,0,0,0,0,3,1,0,10
datasets/CleanSet1/html/dnsmadeeasy.com_clean.html,6,20,0,0,0,41,3,89,509
datasets/CleanSet1/html/docker.com_clean.html,38,117,0,0,0,7,3,21,162
datasets/CleanSet1/html/docker.io_clean.html,38,118,0,0,0,7,3,21,164
datasets/CleanSet1/html/docomo.ne.jp_clean.html,169,0,0,0,0,28,7,2,498
datasets/CleanSet1/html/dogdrip.net_clean.html,3,0,0,0,0,9,2,120,135
datasets/CleanSet1/html/doi.org_clean.html,5,0,0,0,0,5,6,2,58
datasets/CleanSet1/html/donga.com_clean.html,81,37,0,0,0,6,0,6,231
datasets/CleanSet1/html/dotomi.com_clean.html,26,20,0,0,0,16,1,30,245
datasets/CleanSet1/html/doubleclick.net_clean.html,8,48,0,0,0,3,4,0,268
datasets/CleanSet1/html/doubleverify.com_clean.html,20,94,2,0,0,5,3,213,292
datasets/CleanSet1/html/doubtnut.com_clean.html,36,44,0,0,0,3,10,50,330
datasets/CleanSet1/html/dpboss.boston_clean.html,4,0,0,0,0,0,6,50,57
datasets/CleanSet1/html/dreamhost.com_clean.html,63,8,0,0,0,6,10,219,668
datasets/CleanSet1/html/dribbble.com_clean.html,102,136,12,0,0,10,5,149,284
datasets/CleanSet1/html/drom.ru_clean.html,115,3,0,0,0,4,2,87,233
datasets/CleanSet1/html/dropbox.com_clean.html,67,19,0,0,0,58,1,209,369
datasets/CleanSet1/html/dropcatch.com_clean.html,0,0,0,0,0,2,1,0,0
datasets/CleanSet1/html/duckdns.org_clean.html,3,0,0,0,0,1,5,11,33
datasets/CleanSet1/html/duckduckgo.com_clean.html,0,0,0,0,0,6,5,0,1
datasets/CleanSet1/html/duolingo.com_clean.html,0,0,0,0,0,2,2,1,1
datasets/CleanSet1/html/dw.com_clean.html,0,0,0,0,0,1,7,1,8
datasets/CleanSet1/html/dynatrace.com_clean.html,53,10,0,0,0,4,10,81,149
datasets/CleanSet1/html/dyndns.org_clean.html,0,0,0,0,0,1,0,0,21
datasets/CleanSet1/html/dzen.ru_clean.html,0,0,0,0,0,0,0,0,0
datasets/CleanSet1/html/e621.net_clean.html,7,16,0,0,0,2,7,1,58
datasets/CleanSet1/html/ea.com_clean.html,11,0,0,0,0,0,1,9,5
datasets/CleanSet1/html/ebay.co.uk_clean.html,31,50,0,0,0,2,1,75,380
datasets/CleanSet1/html/ebay.com_clean.html,108,62,0,0,0,2,1,221,267
datasets/CleanSet1/html/ebay.de_clean.html,18,32,0,0,0,2,1,41,394
datasets/CleanSet1/html/ecnavi.jp_clean.html,97,0,0,0,0,3,2,16,248
datasets/CleanSet1/html/edna.ru_clean.html,144,2,0,0,0,0,5,50,222
datasets/CleanSet1/html/eff.org_clean.html,21,0,0,0,0,3,4,6,170
datasets/CleanSet1/html/ekstrabladet.dk_clean.html,62,90,5,0,0,7,7,744,377
datasets/CleanSet1/html/elasticbeanstalk.com_clean.html,4,71,0,0,0,12,6,165,703
datasets/CleanSet1/html/elconfidencial.com_clean.html,134,34,0,0,0,20,1,7,680
datasets/CleanSet1/html/elegantthemes.com_clean.html,32,87,9,0,0,3,4,1,131
datasets/CleanSet1/html/elmundo.es_clean.html,41,77,0,0,0,1,4,12,371
datasets/CleanSet1/html/elpais.com_clean.html,127,15,0,0,0,1,2,6,268
datasets/CleanSet1/html/elsevier.com_clean.html,19,57,1,0,0,2,3,28,418
datasets/CleanSet1/html/eltiempo.es_clean.html,7,0,0,0,0,7,3,2,214
datasets/CleanSet1/html/emag.ro_clean.html,7,15,0,0,0,5,3,3,325
datasets/CleanSet1/html/epa.gov_clean.html,7,17,0,0,0,30,9,4,155
datasets/CleanSet1/html/epfindia.gov.in_clean.html,61,0,0,0,0,5,1,135,60
datasets/CleanSet1/html/eporner.com_clean.html,114,1,0,0,0,1,1,1,104
datasets/CleanSet1/html/erome.com_clean.html,4,0,0,0,0,4,5,0,22
datasets/CleanSet1/html/ertelecom.ru_clean.html,0,0,0,0,0,0,0,1,3
datasets/CleanSet1/html/escortbabylon.net_clean.html,11,0,0,0,0,4,1,4,46
datasets/CleanSet1/html/eset.com_clean.html,11,67,0,0,0,1,3,133,251
datasets/CleanSet1/html/espn.com.ve_clean.html,57,0,0,0,0,3,12,15,221
datasets/CleanSet1/html/espn.com_clean.html,86,0,0,0,0,3,12,22,240
datasets/CleanSet1/html/eu.com_clean.html,30,0,0,0,0,2,2,1,105
datasets/CleanSet1/html/europa.eu_clean.html,1,0,0,0,0,7,3,0,25
datasets/CleanSet1/html/eventbrite.com_clean.html,17,70,0,0,0,3,7,58,209
datasets/CleanSet1/html/evernote.com_clean.html,59,70,0,0,0,2,0,68,399
datasets/CleanSet1/html/evotor.ru_clean.html,109,19,0,0,0,7,11,72,416
datasets/CleanSet1/html/example.com_clean.html,0,0,0,0,0,0,0,0,0
datasets/CleanSet1/html/excite.co.jp_clean.html,1,3,0,0,0,1,2,23,95
datasets/CleanSet1/html/expo2025.or.jp_clean.html,101,93,0,0,0,4,2,44,355
datasets/CleanSet1/html/ezvizlife.com_clean.html,37,1,0,0,0,3,4,32,201
datasets/CleanSet1/html/ezvizru.com_clean.html,0,0,0,0,0,0,0,0,0
datasets/CleanSet1/html/f5.com_clean.html,11,14,0,0,0,2,7,26,275
datasets/CleanSet1/html/fabguys.com_clean.html,7,0,0,0,0,2,0,15,14
datasets/CleanSet1/html/fabswingers.com_clean.html,6,0,0,0,0,2,0,16,14
datasets/CleanSet1/html/facebook.com_clean.html,2,0,0,0,0,3,1,2,81
datasets/CleanSet1/html/fandom.com_clean.html,22,45,0,0,0,9,4,32,180
datasets/CleanSet1/html/fanmtl.com_clean.html,88,0,0,0,0,8,1,1,68
datasets/CleanSet1/html/fao.org_clean.html,106,0,1,0,0,4,1,11,205
datasets/CleanSet1/html/fapello.com_clean.html,64,37,0,0,0,4,5,46,181
datasets/CleanSet1/html/faphouse.com_clean.html,458,155,155,0,0,1,16,8,389
datasets/CleanSet1/html/faphouse1.com_clean.html,458,153,155,0,0,1,16,8,386
datasets/CleanSet1/html/faphouse2.com_clean.html,458,151,155,0,0,1,16,8,386
datasets/CleanSet1/html/fast.com_clean.html,0,0,0,0,0,2,16,0,73
datasets/CleanSet1/html/fastdl.app_clean.html,10,17,0,0,0,1,3,2,47
datasets/CleanSet1/html/fastly.net_clean.html,14,76,0,0,0,0,15,20,275
datasets/CleanSet1/html/fatalmodel.com_clean.html,11,35,0,0,0,10,4,12,361
datasets/CleanSet1/html/fc2.com_clean.html,6,0,0,0,0,6,1,4,20
datasets/CleanSet1/html/fda.gov_clean.html,9,1,0,0,0,2,1,3,159
datasets/CleanSet1/html/fedex.com_clean.html,2,0,0,0,0,1,0,0,2
datasets/CleanSet1/html/fedoraproject.org_clean.html,15,256,0,0,0,4,1,252,334
datasets/CleanSet1/html/figma.com_clean.html,99,52,0,0,0,2,10,30,218
datasets/CleanSet1/html/filmweb.pl_clean.html,214,294,0,0,0,26,13,66,423
datasets/CleanSet1/html/finn.no_clean.html,2,14,0,0,0,9,3,28,217
datasets/CleanSet1/html/firebaseio.com_clean.html,1,2,0,1,0,0,0,0,105
datasets/CleanSet1/html/firefox.com_clean.html,29,3,0,0,0,4,3,0,159
datasets/CleanSet1/html/flashscore.com_clean.html,8,60,0,0,0,37,4,2,226
datasets/CleanSet1/html/flashscore.fr_clean.html,6,57,0,0,0,37,4,2,204
datasets/CleanSet1/html/flashscore.mobi_clean.html,15,0,0,0,0,3,4,0,27
datasets/CleanSet1/html/flashtalking.com_clean.html,71,12,1,0,0,27,1,10,209
datasets/CleanSet1/html/flickr.com_clean.html,38,2,0,0,0,1,2,4,171
datasets/CleanSet1/html/flipkart.com_clean.html,59,9,0,0,0,2,6,233,182
datasets/CleanSet1/html/fmkorea.com_clean.html,21,0,0,0,0,18,5,70,201
datasets/CleanSet1/html/focus.de_clean.html,251,318,0,0,0,8,6,13,269
datasets/CleanSet1/html/fontawesome.com_clean.html,0,0,0,0,0,65,3,0,0
datasets/CleanSet1/html/forbes.com_clean.html,71,84,0,0,0,0,5,139,411
datasets/CleanSet1/html/force.com_clean.html,181,12,0,0,0,446,1,70,267
datasets/CleanSet1/html/forebet.com_clean.html,69,0,0,0,0,3,5,68,965
datasets/CleanSet1/html/forter.com_clean.html,210,31,0,0,0,8,2,8,331
datasets/CleanSet1/html/fortune.com_clean.html,83,10,0,0,0,1,2,86,262
datasets/CleanSet1/html/foxnews.com_clean.html,216,6,0,0,0,2,15,6,318
datasets/CleanSet1/html/franceinfo.fr_clean.html,627,333,0,0,0,79,11,14,707
datasets/CleanSet1/html/free.fr_clean.html,48,3,0,0,0,1,14,120,391
datasets/CleanSet1/html/freefiremobile.com_clean.html,36,35,1,0,0,6,2,44,189
datasets/CleanSet1/html/freejobalert.com_clean.html,1,8,0,0,0,0,4,21,297
datasets/CleanSet1/html/frontiersin.org_clean.html,28,2,0,0,0,4,5,9,157
datasets/CleanSet1/html/fsiblog5.com_clean.html,50,0,0,0,0,13,3,8,531
datasets/CleanSet1/html/ft.com_clean.html,48,1,0,0,0,5,4,25,367
datasets/CleanSet1/html/ftc.gov_clean.html,12,3,0,0,0,19,1,20,361
datasets/CleanSet1/html/funpay.com_clean.html,4,3,0,0,0,1,0,1,106
datasets/CleanSet1/html/fuq.com_clean.html,126,0,0,0,0,1,3,0,288
datasets/CleanSet1/html/furaffinity.net_clean.html,124,1,1,0,0,5,2,117,170
datasets/CleanSet1/html/fwmrm.net_clean.html,12,16,0,0,0,6,2,4,112
datasets/CleanSet1/html/g.co_clean.html,1,0,0,0,0,2,0,0,5
datasets/CleanSet1/html/g.page_clean.html,41,40,1,0,0,7,3,64,431
datasets/CleanSet1/html/game8.jp_clean.html,297,1,0,0,0,1,15,3,97
datasets/CleanSet1/html/gamepass.com_clean.html,47,2,0,0,0,16,0,20,247
datasets/CleanSet1/html/gamewith.jp_clean.html,1277,2,0,0,0,1,4,743,228
datasets/CleanSet1/html/ganamos.io_clean.html,2,0,0,0,0,5,1,1,2
datasets/CleanSet1/html/gandi.net_clean.html,8,115,0,0,0,2,4,2,233
datasets/CleanSet1/html/garmin.com_clean.html,7,4,0,0,0,31,2,134,314
datasets/CleanSet1/html/gazzetta.it_clean.html,138,0,0,0,0,2,7,166,370
datasets/CleanSet1/html/gcash.com_clean.html,103,7,0,0,0,5,2,9,326
datasets/CleanSet1/html/gdemoideti.ru_clean.html,223,0,0,0,0,2,1,32,144
datasets/CleanSet1/html/gekso.xyz_clean.html,48,0,0,0,0,0,1,0,23
datasets/CleanSet1/html/gelbooru.com_clean.html,10,0,0,0,0,3,1,10,3
datasets/CleanSet1/html/genius.com_clean.html,39,41,0,0,0,0,2,3,266
datasets/CleanSet1/html/geny.com_clean.html,39,0,0,0,0,8,10,137,49
datasets/CleanSet1/html/geocities.com_clean.html,1,0,0,0,0,1,3,2,136
datasets/CleanSet1/html/getbootstrap.com_clean.html,5,46,0,0,0,2,5,10,205
datasets/CleanSet1/html/girlschannel.net_clean.html,594,0,0,0,0,1,2,0,349
datasets/CleanSet1/html/gismeteo.ru_clean.html,14,11,0,0,0,2,5,74,147
datasets/CleanSet1/html/github.com_clean.html,29,151,2,0,0,29,4,67,665
datasets/CleanSet1/html/github.io_clean.html,13,0,0,0,0,1,1,0,43
datasets/CleanSet1/html/gitlab.com_clean.html,47,43,1,0,0,3,4,64,213
datasets/CleanSet1/html/globalsign.com_clean.html,44,0,0,0,0,10,4,31,268
datasets/CleanSet1/html/globenewswire.com_clean.html,12,0,2,0,0,2,1,11,66
datasets/CleanSet1/html/globo.com_clean.html,53,9,0,0,0,2,7,35,345
datasets/CleanSet1/html/gmail.com_clean.html,1,2,0,1,0,0,0,0,105
datasets/CleanSet1/html/gnu.org_clean.html,12,0,1,0,0,2,1,11,25
datasets/CleanSet1/html/go.com_clean.html,3,0,0,0,0,3,1,16,228
datasets/CleanSet1/html/goal.com_clean.html,83,1,0,0,0,27,0,89,193
datasets/CleanSet1/html/gofundme.com_clean.html,25,37,0,0,0,3,3,16,231
datasets/CleanSet1/html/goodreads.com_clean.html,57,0,0,0,0,3,0,32,93
datasets/CleanSet1/html/google-analytics.com_clean.html,6,41,0,0,0,3,4,44,226
datasets/CleanSet1/html/google.ca_clean.html,10,12,0,0,0,2,1,35,163
datasets/CleanSet1/html/google.cn_clean.html,1,0,0,0,0,0,0,0,0
datasets/CleanSet1/html/google.co.id_clean.html,10,12,0,0,0,2,1,35,163
datasets/CleanSet1/html/google.co.jp_clean.html,10,12,0,0,0,2,1,35,163
datasets/CleanSet1/html/google.co.uk_clean.html,10,12,0,0,0,2,1,35,163
datasets/CleanSet1/html/google.com.au_clean.html,10,12,0,0,0,2,1,35,163
datasets/CleanSet1/html/google.com.br_clean.html,10,12,0,0,0,2,1,35,163
datasets/CleanSet1/html/google.com.hk_clean.html,10,12,0,0,0,2,1,35,163
datasets/CleanSet1/html/google.com_clean.html,2,0,0,0,0,0,0,10,33
datasets/CleanSet1/html/google.de_clean.html,10,12,0,0,0,2,1,35,161
datasets/CleanSet1/html/google.fr_clean.html,10,12,0,0,0,2,1,35,163
datasets/CleanSet1/html/google.it_clean.html,10,12,0,0,0,2,1,35,163
datasets/CleanSet1/html/google.nl_clean.html,10,12,0,0,0,2,1,35,163
datasets/CleanSet1/html/google.ru_clean.html,10,12,0,0,0,2,1,35,163
datasets/CleanSet1/html/googleblog.com_clean.html,28,80,0,0,0,4,2,1,337
datasets/CleanSet1/html/googledomains.com_clean.html,3,0,0,0,0,2,7,1,28
datasets/CleanSet1/html/googlesyndication.com_clean.html,10,12,0,0,0,2,1,35,163
datasets/CleanSet1/html/googlevideo.com_clean.html,10,6,0,0,0,1,1,29,143
datasets/CleanSet1/html/gosuslugi.ru_clean.html,0,1,0,0,0,0,1,0,7
datasets/CleanSet1/html/grammarly.com_clean.html,52,80,6,0,0,3,3,80,188
datasets/CleanSet1/html/gravatar.com_clean.html,19,31,4,0,0,1,4,0,127
datasets/CleanSet1/html/gsmarena.com_clean.html,45,0,0,0,0,2,1,21,116
datasets/CleanSet1/html/gumgum.com_clean.html,131,0,9,0,1,1,2,16,452
datasets/CleanSet1/html/haberler.com_clean.html,249,10,0,1,0,12,14,17,196
datasets/CleanSet1/html/hamsterix.today_clean.html,123,34,0,0,0,6,15,56,399
datasets/CleanSet1/html/harvard.edu_clean.html,20,0,0,0,0,5,3,36,294
datasets/CleanSet1/html/hath.network_clean.html,0,0,0,0,0,0,0,0,0
datasets/CleanSet1/html/hbr.org_clean.html,4,28,0,0,0,2,5,2,292
datasets/CleanSet1/html/hdhub4u.build_clean.html,6,0,0,0,0,2,3,7,38
datasets/CleanSet1/html/hdhub4u.gs_clean.html,6,0,0,0,0,2,3,7,38
datasets/CleanSet1/html/hdtube.porn_clean.html,85,18,0,0,0,1,4,2,132
datasets/CleanSet1/html/he.net_clean.html,5,0,0,0,0,0,0,1,9
datasets/CleanSet1/html/healthline.com_clean.html,15,15,0,0,0,0,2,25,145
datasets/CleanSet1/html/here.com_clean.html,35,3,0,0,0,7,4,94,524
datasets/CleanSet1/html/heytapmobi.com_clean.html,0,0,0,0,0,0,0,0,10
datasets/CleanSet1/html/hh.ru_clean.html,37,11,0,0,0,8,4,100,434
datasets/CleanSet1/html/hichina.com_clean.html,7,0,0,0,0,6,1,34,59
datasets/CleanSet1/html/hicloud.com_clean.html,9,0,0,0,0,1,1,9,46
datasets/CleanSet1/html/hihonorcloud.com_clean.html,0,0,0,0,0,2,2,0,0
datasets/CleanSet1/html/hindustantimes.com_clean.html,144,0,0,0,0,0,12,25,275
datasets/CleanSet1/html/hitomi.la_clean.html,3,0,0,0,0,4,2,1,18
datasets/CleanSet1/html/hochi.news_clean.html,214,0,0,0,0,2,10,24,115
datasets/CleanSet1/html/hostgator.com.br_clean.html,4,3,0,0,0,1,10,23,249
datasets/CleanSet1/html/hotjar.com_clean.html,54,13,1,0,0,3,9,76,271
datasets/CleanSet1/html/hotpepper.jp_clean.html,24,0,0,0,0,1,2,1,96
datasets/CleanSet1/html/hp.com_clean.html,14,16,0,0,0,10,1,133,432
datasets/CleanSet1/html/hqporner.com_clean.html,52,0,0,0,0,4,2,806,80
datasets/CleanSet1/html/huawei.com_clean.html,23,0,1,0,0,5,3,13,192
datasets/CleanSet1/html/hubspot.com_clean.html,83,216,0,0,0,26,1,63,494
datasets/CleanSet1/html/huffingtonpost.com_clean.html,94,18,0,0,0,9,2,375,296
datasets/CleanSet1/html/huffpost.com_clean.html,94,18,0,0,0,9,2,375,296
datasets/CleanSet1/html/hulu.com_clean.html,107,61,6,0,0,3,4,48,272
datasets/CleanSet1/html/humoruniv.com_clean.html,148,0,0,0,0,1,1,181,62
datasets/CleanSet1/html/iana.org_clean.html,0,0,0,0,0,1,1,0,6
datasets/CleanSet1/html/ibm.com_clean.html,6,32,0,0,0,6,10,18,123
datasets/CleanSet1/html/icloud-content.com_clean.html,3,0,0,0,0,13,3,0,188
datasets/CleanSet1/html/icloud.com_clean.html,0,3,0,0,0,1,3,3,7
datasets/CleanSet1/html/id5-sync.com_clean.html,0,0,0,0,0,0,0,0,0
datasets/CleanSet1/html/idnes.cz_clean.html,38,0,0,0,0,0,2,91,174
datasets/CleanSet1/html/ieee.org_clean.html,20,101,1,0,0,4,6,1,202
datasets/CleanSet1/html/ietf.org_clean.html,8,0,0,0,0,2,0,2,152
datasets/CleanSet1/html/ign.com_clean.html,75,289,0,0,0,1,2,64,106
datasets/CleanSet1/html/ijavhd.com_clean.html,0,0,0,0,0,1,3,66,13
datasets/CleanSet1/html/ikea.com_clean.html,34,29,0,0,0,9,1,149,152
datasets/CleanSet1/html/ilmeteo.it_clean.html,38,0,0,0,0,1,2,46,218
datasets/CleanSet1/html/ilovepdf.com_clean.html,13,36,0,0,0,1,2,1,186
datasets/CleanSet1/html/iltalehti.fi_clean.html,3,32,0,0,0,0,4,30,148
datasets/CleanSet1/html/imagefap.com_clean.html,211,0,0,0,0,1,14,529,34
datasets/CleanSet1/html/imdb.com_clean.html,53,152,0,0,0,3,8,61,570
datasets/CleanSet1/html/imgsmail.ru_clean.html,0,0,0,0,0,0,1,0,0
datasets/CleanSet1/html/imgsrc.ru_clean.html,62,0,0,0,0,1,4,66,19
datasets/CleanSet1/html/imgur.com_clean.html,0,0,0,0,0,2,4,1,0
datasets/CleanSet1/html/imhentai.xxx_clean.html,41,4,1,0,0,15,0,8,144
datasets/CleanSet1/html/immunet.com_clean.html,9,18,0,0,0,3,0,1,208
datasets/CleanSet1/html/incometax.gov.in_clean.html,75,5,0,0,0,68,1,46,457
datasets/CleanSet1/html/independent.co.uk_clean.html,132,235,0,0,0,0,4,10,548
datasets/CleanSet1/html/index.hr_clean.html,156,0,1,0,0,2,0,21,282
datasets/CleanSet1/html/indexww.com_clean.html,0,0,0,0,0,0,0,0,0
datasets/CleanSet1/html/india.com_clean.html,107,14,0,0,0,3,6,15,123
datasets/CleanSet1/html/indianbfvideos.com_clean.html,38,130,0,0,0,4,2,9,78
datasets/CleanSet1/html/indiatimes.com_clean.html,26,6,0,0,0,3,1,144,182
datasets/CleanSet1/html/infobae.com_clean.html,98,16,0,0,0,2,11,172,181
datasets/CleanSet1/html/inkuai.com_clean.html,0,0,3,0,0,1,1,1,53
datasets/CleanSet1/html/inmobi.com_clean.html,22,4,0,0,0,3,2,20,72
datasets/CleanSet1/html/instagram.com_clean.html,2,0,0,0,0,1,7,4,5
datasets/CleanSet1/html/instructure.com_clean.html,46,0,0,0,0,7,1,7,293
datasets/CleanSet1/html/intentiq.com_clean.html,24,1,0,0,0,26,3,9,313
datasets/CleanSet1/html/intercom.io_clean.html,7,1,0,0,2,3,3,15,255
datasets/CleanSet1/html/interia.pl_clean.html,326,45,0,0,0,8,3,366,375
datasets/CleanSet1/html/intuit.com_clean.html,33,59,0,0,0,29,5,48,434
datasets/CleanSet1/html/investopedia.com_clean.html,27,62,0,0,0,0,9,15,315
datasets/CleanSet1/html/ip-api.com_clean.html,3,0,0,0,0,1,1,0,67
datasets/CleanSet1/html/ipify.org_clean.html,5,0,0,0,0,5,13,1,57
datasets/CleanSet1/html/ipinfo.io_clean.html,30,68,1,0,0,5,5,96,512
datasets/CleanSet1/html/iponweb.net_clean.html,1,0,0,0,0,14,1,1,16
datasets/CleanSet1/html/irs.gov_clean.html,24,2,0,0,0,4,1,10,237
datasets/CleanSet1/html/iso.org_clean.html,10,19,0,0,0,1,2,2,267
datasets/CleanSet1/html/issuu.com_clean.html,35,61,0,0,0,6,3,89,246
datasets/CleanSet1/html/istockphoto.com_clean.html,1,0,0,0,0,6,9,3,18
datasets/CleanSet1/html/itmedia.co.jp_clean.html,18,0,0,0,0,3,0,36,57
datasets/CleanSet1/html/ivi.ru_clean.html,70,1,0,0,0,5,22,37,264
datasets/CleanSet1/html/ixbt.com_clean.html,62,3,0,0,0,3,4,90,158
datasets/CleanSet1/html/ixl.com_clean.html,24,12,0,0,0,12,1,9,216
datasets/CleanSet1/html/ixxx.com_clean.html,129,0,0,0,0,1,3,0,288
datasets/CleanSet1/html/jagran.com_clean.html,27,67,0,0,0,8,1,29,116
datasets/CleanSet1/html/jalan.net_clean.html,32,0,0,0,0,17,2,19,223
datasets/CleanSet1/html/jd.com_clean.html,0,0,0,0,0,4,1,1,36
datasets/CleanSet1/html/jetbrains.com_clean.html,0,0,0,0,0,4,4,4,22
datasets/CleanSet1/html/jimdo.com_clean.html,63,40,0,0,0,3,13,207,180
datasets/CleanSet1/html/jino.ru_clean.html,0,18,0,0,0,5,3,53,165
datasets/CleanSet1/html/jotform.com_clean.html,86,39,0,0,0,3,1,7,206
datasets/CleanSet1/html/jquery.com_clean.html,3,0,0,0,0,3,1,0,92
datasets/CleanSet1/html/jra.go.jp_clean.html,104,3,0,0,0,7,1,3,178
datasets/CleanSet1/html/jra.jp_clean.html,104,3,0,0,0,7,1,3,178
datasets/CleanSet1/html/jstor.org_clean.html,27,0,0,0,0,2,6,1,37
datasets/CleanSet1/html/justindianporn.info_clean.html,107,0,0,0,0,0,5,0,59
datasets/CleanSet1/html/jutarnji.hr_clean.html,162,0,0,0,0,14,5,18,534
datasets/CleanSet1/html/jw.org_clean.html,18,0,0,0,0,2,3,17,377
datasets/CleanSet1/html/jwplayer.com_clean.html,20,45,3,0,0,30,1,377,444
datasets/CleanSet1/html/kakuyomu.jp_clean.html,36,16,0,0,0,7,7,69,228
datasets/CleanSet1/html/kargo.com_clean.html,11,21,1,0,0,6,1,39,388
datasets/CleanSet1/html/kaspersky-labs.com_clean.html,29,55,0,0,0,3,1,262,328
datasets/CleanSet1/html/kaspersky.com_clean.html,11,93,0,0,0,3,1,102,396
datasets/CleanSet1/html/kaspi.kz_clean.html,70,18,0,0,0,2,15,9,133
datasets/CleanSet1/html/kbz0pwvxmv.com_clean.html,16,9,0,0,0,38,4,27,168
datasets/CleanSet1/html/kemono.cr_clean.html,0,0,0,0,0,1,1,0,0
datasets/CleanSet1/html/kernel.org_clean.html,8,0,0,0,0,1,1,0,6
datasets/CleanSet1/html/khabaronline.ir_clean.html,209,0,0,0,0,1,1,78,119
datasets/CleanSet1/html/kingbokep.pro_clean.html,54,6,0,0,0,1,5,8,173
datasets/CleanSet1/html/kingbokep.tv_clean.html,54,6,0,0,0,1,5,8,173
datasets/CleanSet1/html/kkstories.com_clean.html,3,0,0,0,0,12,3,3,295
datasets/CleanSet1/html/klaviyo.com_clean.html,130,47,0,0,1,0,9,238,263
datasets/CleanSet1/html/kleinanzeigen.de_clean.html,24,33,0,0,0,2,4,2,260
datasets/CleanSet1/html/komiku.org_clean.html,69,7,0,0,0,1,1,30,90
datasets/CleanSet1/html/kompoz2.com_clean.html,48,0,0,0,0,3,1,2,49
datasets/CleanSet1/html/kontur.ru_clean.html,0,0,0,0,0,0,0,1,3
datasets/CleanSet1/html/kooora.com_clean.html,115,0,0,0,0,5,7,20,187
datasets/CleanSet1/html/kslawin.com_clean.html,2,0,0,0,0,0,2,0,13
datasets/CleanSet1/html/kueezrtb.com_clean.html,54,0,0,0,0,2,2,36,159
datasets/CleanSet1/html/kwai-pro.com_clean.html,0,0,0,0,0,1,6,0,0
datasets/CleanSet1/html/kwai.com_clean.html,2,0,0,0,0,0,2,0,13
datasets/CleanSet1/html/kwai.net_clean.html,2,0,0,0,0,0,2,0,13
datasets/CleanSet1/html/kwaipros.com_clean.html,0,0,0,0,0,1,6,0,0
datasets/CleanSet1/html/ladepeche.fr_clean.html,123,2,0,0,0,3,4,7,404
datasets/CleanSet1/html/ladies.de_clean.html,1,0,0,0,0,0,2,1,4
datasets/CleanSet1/html/lanacion.com.ar_clean.html,170,114,15,0,0,0,6,310,630
datasets/CleanSet1/html/latimes.com_clean.html,164,215,12,0,0,1,3,58,535
datasets/CleanSet1/html/launchdarkly.com_clean.html,174,22,5,0,0,2,9,5,365
datasets/CleanSet1/html/launchpad.net_clean.html,13,0,0,0,0,2,5,0,47
datasets/CleanSet1/html/lavanguardia.com_clean.html,138,0,0,0,0,8,19,64,311
datasets/CleanSet1/html/lc.chat_clean.html,92,17,1,0,0,1,1,6,87
datasets/CleanSet1/html/lefigaro.fr_clean.html,341,151,0,0,0,203,5,11,492
datasets/CleanSet1/html/leiniao.com_clean.html,0,0,0,0,0,1,0,0,0
datasets/CleanSet1/html/lemonde.fr_clean.html,147,1,0,0,0,5,7,15,384
datasets/CleanSet1/html/lencr.org_clean.html,3,4,0,0,0,2,0,1,156
datasets/CleanSet1/html/lenovo.com_clean.html,17,0,0,0,0,9,0,108,209
datasets/CleanSet1/html/leparisien.fr_clean.html,186,210,8,0,0,2,1,457,434
datasets/CleanSet1/html/lequipe.fr_clean.html,132,0,0,0,0,0,9,388,421
datasets/CleanSet1/html/letras.mus.br_clean.html,38,0,0,0,0,1,4,29,317
datasets/CleanSet1/html/letsencrypt.org_clean.html,88,4,0,0,0,2,0,1,262
datasets/CleanSet1/html/letterboxd.com_clean.html,95,23,0,0,0,6,4,7,412
datasets/CleanSet1/html/lfstrm.tv_clean.html,10,1,0,0,0,8,1,4,90
datasets/CleanSet1/html/licdn.com_clean.html,7,0,0,0,0,1,1,14,394
datasets/CleanSet1/html/lichess.org_clean.html,17,1,0,0,0,3,7,14,124
datasets/CleanSet1/html/liftoff.io_clean.html,43,6,6,0,0,9,1,26,279
datasets/CleanSet1/html/lijit.com_clean.html,4,0,0,0,0,3,1,0,21
datasets/CleanSet1/html/line.me_clean.html,33,0,0,0,0,2,12,47,42
datasets/CleanSet1/html/linkedin.com_clean.html,7,0,0,0,0,1,1,14,394
datasets/CleanSet1/html/linklist.bio_clean.html,13,19,0,0,0,8,15,25,360
datasets/CleanSet1/html/linktr.ee_clean.html,43,71,1,0,1,2,2,21,288
datasets/CleanSet1/html/liteapks.com_clean.html,33,75,0,0,0,3,4,102,128
datasets/CleanSet1/html/litnet.com_clean.html,116,6,0,0,0,16,4,76,166
datasets/CleanSet1/html/live.com_clean.html,1,0,0,0,0,0,2,0,13
datasets/CleanSet1/html/livechatinc.com_clean.html,149,95,0,0,0,1,10,331,338
datasets/CleanSet1/html/livedoor.com_clean.html,9,0,0,0,0,0,1,4,68
datasets/CleanSet1/html/livehindustan.com_clean.html,85,2,0,0,0,4,1,25,148
datasets/CleanSet1/html/livejournal.com_clean.html,9,37,0,0,0,4,3,67,301
datasets/CleanSet1/html/livescore.com_clean.html,23,7,0,0,0,3,6,7,91
datasets/CleanSet1/html/livescore.cz_clean.html,1,0,0,0,0,3,4,0,22
datasets/CleanSet1/html/lk21official.cc_clean.html,246,2,0,0,0,3,15,253,117
datasets/CleanSet1/html/lotterysambadresult.in_clean.html,1,0,0,0,0,0,1,105,31
datasets/CleanSet1/html/lowes.com_clean.html,0,0,0,0,0,0,0,0,0
datasets/CleanSet1/html/luticlip.com_clean.html,32,0,0,0,0,3,1,1,189
datasets/CleanSet1/html/lwsdns.com_clean.html,13,0,0,0,0,3,1,0,19
datasets/CleanSet1/html/mail.ru_clean.html,0,0,0,0,0,0,1,0,0
datasets/CleanSet1/html/mailchi.mp_clean.html,72,25,0,0,0,6,9,2,328
datasets/CleanSet1/html/mailchimp.com_clean.html,72,25,0,0,0,6,9,2,328
datasets/CleanSet1/html/mamastar.jp_clean.html,62,0,0,0,0,4,0,2,113
datasets/CleanSet1/html/mangabuddy.com_clean.html,0,0,0,0,0,2,0,1,5
datasets/CleanSet1/html/mangakakalot.gg_clean.html,79,0,0,0,0,3,1,3,85
datasets/CleanSet1/html/mangaraw.ac_clean.html,53,0,0,0,0,4,4,0,81
datasets/CleanSet1/html/manhwaweb.com_clean.html,0,0,0,0,0,1,4,0,0
datasets/CleanSet1/html/manoramaonline.com_clean.html,179,0,0,0,0,4,14,6,511
datasets/CleanSet1/html/marca.com_clean.html,89,126,0,0,0,2,4,10,318
datasets/CleanSet1/html/marketwatch.com_clean.html,27,32,0,0,0,1,7,65,421
datasets/CleanSet1/html/marktplaats.nl_clean.html,5,0,0,0,0,8,15,5,171
datasets/CleanSet1/html/marriott.com_clean.html,36,0,0,0,0,5,2,12,550
datasets/CleanSet1/html/mashable.com_clean.html,58,88,0,0,0,1,6,19,358
datasets/CleanSet1/html/mat6tube.com_clean.html,1,4,0,0,0,0,15,5,19
datasets/CleanSet1/html/mathtag.com_clean.html,9,0,0,0,0,12,3,15,141
datasets/CleanSet1/html/matterport.com_clean.html,21,0,0,0,0,5,3,51,99
datasets/CleanSet1/html/mayoclinic.org_clean.html,24,262,0,0,0,2,2,0,343
datasets/CleanSet1/html/mcafee.com_clean.html,149,9,0,0,0,16,1,133,582
datasets/CleanSet1/html/me.com_clean.html,0,3,0,0,0,1,3,3,7
datasets/CleanSet1/html/meb.gov.tr_clean.html,138,1,0,0,0,4,3,37,249
datasets/CleanSet1/html/mechacomic.jp_clean.html,97,0,0,0,0,4,2,2,162
datasets/CleanSet1/html/medallia.com_clean.html,74,21,3,0,0,9,3,37,199
datasets/CleanSet1/html/media.net_clean.html,33,12,2,0,0,2,2,4,167
datasets/CleanSet1/html/mediafire.com_clean.html,8,0,0,0,0,3,3,23,95
datasets/CleanSet1/html/mediatek.com_clean.html,66,5,0,0,0,15,1,68,297
datasets/CleanSet1/html/medicalnewstoday.com_clean.html,1,14,0,0,0,0,2,93,120
datasets/CleanSet1/html/medium.com_clean.html,1,1,0,0,0,1,6,0,165
datasets/CleanSet1/html/meethue.com_clean.html,13,21,0,0,0,2,5,7,234
datasets/CleanSet1/html/mega.co.nz_clean.html,0,0,0,0,0,0,0,0,0
datasets/CleanSet1/html/mega.nz_clean.html,0,0,0,0,0,0,1,9,8
datasets/CleanSet1/html/meraki.com_clean.html,106,8,0,0,0,14,6,46,382
datasets/CleanSet1/html/mercadolibre.com.ar_clean.html,87,11,0,0,0,2,2,51,302
datasets/CleanSet1/html/mercadolibre.com.mx_clean.html,89,11,0,0,0,2,2,52,285
datasets/CleanSet1/html/mercadolivre.com.br_clean.html,88,11,0,0,0,2,2,56,302
datasets/CleanSet1/html/merkur.de_clean.html,105,1,0,0,0,3,5,10,370
datasets/CleanSet1/html/merriam-webster.com_clean.html,25,11,0,0,0,1,3,25,339
datasets/CleanSet1/html/messenger.com_clean.html,1,0,0,0,0,0,0,0,28
datasets/CleanSet1/html/meteociel.fr_clean.html,87,0,0,0,0,5,0,46,49
datasets/CleanSet1/html/meteofrance.com_clean.html,32,1,0,0,0,4,1,14,353
datasets/CleanSet1/html/metropoles.com_clean.html,104,10,0,0,0,6,6,251,568
datasets/CleanSet1/html/mfadsrvr.com_clean.html,0,0,0,0,0,3,1,0,12
datasets/CleanSet1/html/mgid.com_clean.html,49,33,0,0,0,2,5,74,276
datasets/CleanSet1/html/mi.com_clean.html,122,2,0,0,0,6,3,19,226
datasets/CleanSet1/html/microsoft.com_clean.html,2,0,0,0,0,3,1,0,83
datasets/CleanSet1/html/midilibre.fr_clean.html,118,0,0,0,0,3,4,4,385
datasets/CleanSet1/html/miit.gov.cn_clean.html,51,0,0,0,0,5,0,16,86
datasets/CleanSet1/html/mikrotik.com_clean.html,24,0,0,0,0,5,4,8,78
datasets/CleanSet1/html/milliyet.com.tr_clean.html,173,1,0,0,0,3,6,10,379
datasets/CleanSet1/html/mirror.co.uk_clean.html,1,6,0,0,0,4,9,1,171
datasets/CleanSet1/html/mirtesen.ru_clean.html,23,11,0,0,0,2,2,5,77
datasets/CleanSet1/html/mit.edu_clean.html,8,14,0,0,0,1,3,1,140
datasets/CleanSet1/html/miui.com_clean.html,46,5,0,0,0,2,1,179,319
datasets/CleanSet1/html/miwifi.com_clean.html,10,0,0,0,0,1,1,8,72
datasets/CleanSet1/html/mixpanel.com_clean.html,57,355,0,0,0,0,3,3012,694
datasets/CleanSet1/html/mlb.com_clean.html,77,8,0,0,0,5,2,3,463
datasets/CleanSet1/html/mobiledokan.com_clean.html,79,50,0,0,0,8,2,15,348
datasets/CleanSet1/html/moe.video_clean.html,23,10,0,0,0,1,1,3,326
datasets/CleanSet1/html/moengage.com_clean.html,186,66,2,0,0,4,3,12,1060
datasets/CleanSet1/html/mojohost.com_clean.html,12,38,2,0,0,15,6,44,575
datasets/CleanSet1/html/moloco.com_clean.html,86,0,0,0,0,1,2,12,284
datasets/CleanSet1/html/momon-ga.com_clean.html,49,0,0,0,0,3,2,2,19
datasets/CleanSet1/html/moneycontrol.com_clean.html,376,119,0,0,0,10,10,261,713
datasets/CleanSet1/html/mongodb.com_clean.html,77,27,0,0,0,1,1,17,523
datasets/CleanSet1/html/motherless.com_clean.html,327,0,0,0,0,5,0,96,223
datasets/CleanSet1/html/moviebox.ph_clean.html,179,0,0,0,0,18,1,1,170
datasets/CleanSet1/html/moviesda12.com_clean.html,19,0,0,0,0,1,1,0,15
datasets/CleanSet1/html/mozilla.com_clean.html,29,3,0,0,0,4,3,0,159
datasets/CleanSet1/html/mozilla.net_clean.html,27,19,0,0,0,5,3,0,188
datasets/CleanSet1/html/mozilla.org_clean.html,27,19,0,0,0,5,3,0,188
datasets/CleanSet1/html/msn.com_clean.html,0,0,0,0,0,1,0,0,0
datasets/CleanSet1/html/mtgglobals.com_clean.html,1,0,0,0,0,1,0,0,7
datasets/CleanSet1/html/mto.to_clean.html,114,0,0,0,0,5,2,4,136
datasets/CleanSet1/html/mts.ru_clean.html,74,9,0,0,4,4,5,67,337
datasets/CleanSet1/html/mundodeportivo.com_clean.html,180,0,0,0,0,9,12,7,307
datasets/CleanSet1/html/musicdel.ir_clean.html,112,22,1,20,0,5,4,71,55
datasets/CleanSet1/html/myfritz.net_clean.html,0,1,0,0,0,3,16,6,6
datasets/CleanSet1/html/mzstatic.com_clean.html,0,29,0,0,0,7,0,6,184
datasets/CleanSet1/html/namasha.com_clean.html,91,44,0,0,0,1,6,0,234
datasets/CleanSet1/html/name.com_clean.html,14,36,0,0,0,2,3,57,585
datasets/CleanSet1/html/namestudio.com_clean.html,1,3,0,0,0,1,2,0,19
datasets/CleanSet1/html/namu.wiki_clean.html,55,26,0,0,0,2,4,151,145
datasets/CleanSet1/html/nasa.gov_clean.html,61,234,2,0,0,3,19,106,436
datasets/CleanSet1/html/nationalgeographic.com_clean.html,2,71,0,0,0,14,5,144,292
datasets/CleanSet1/html/natomanga.com_clean.html,79,0,0,0,0,3,1,3,85
datasets/CleanSet1/html/nature.com_clean.html,40,15,0,0,0,2,6,10,215
datasets/CleanSet1/html/naukri.com_clean.html,0,0,0,0,0,1,1,1,1
datasets/CleanSet1/html/naver.com_clean.html,0,1,0,0,0,2,4,5,25
datasets/CleanSet1/html/nbcnews.com_clean.html,53,40,0,0,0,13,21,32,548
datasets/CleanSet1/html/ndr.de_clean.html,55,1,0,0,0,1,4,0,133
datasets/CleanSet1/html/nease.net_clean.html,0,0,0,0,0,0,0,1,0
datasets/CleanSet1/html/netangels.ru_clean.html,74,2,0,0,0,1,13,2,262
datasets/CleanSet1/html/netease.com_clean.html,1,0,0,0,0,1,0,4,31
datasets/CleanSet1/html/netflix.com_clean.html,1,25,0,0,0,1,2,80,151
datasets/CleanSet1/html/netflix.net_clean.html,1,0,0,0,0,2,0,1,49
datasets/CleanSet1/html/netgear.com_clean.html,144,0,0,0,0,3,1,163,388
datasets/CleanSet1/html/networkadvertising.org_clean.html,69,54,0,0,0,15,3,14,453
datasets/CleanSet1/html/newrelic.com_clean.html,55,200,0,0,0,2,4,36,1094
datasets/CleanSet1/html/newsweek.com_clean.html,110,44,0,0,0,22,4,344,325
datasets/CleanSet1/html/newyorker.com_clean.html,69,47,0,0,0,0,4,1,721
datasets/CleanSet1/html/nflxvideo.net_clean.html,1,25,0,0,0,1,2,80,151
datasets/CleanSet1/html/ngenix.net_clean.html,31,29,0,0,0,3,3,37,369
datasets/CleanSet1/html/nginx.com_clean.html,6,19,0,0,0,2,7,59,263
datasets/CleanSet1/html/nginx.org_clean.html,6,0,0,0,0,1,0,3,11
datasets/CleanSet1/html/nhk.or.jp_clean.html,0,0,0,0,0,1,1,0,2
datasets/CleanSet1/html/nic.io_clean.html,0,0,0,0,0,7,2,8,109
datasets/CleanSet1/html/nic.network_clean.html,49,1,0,0,0,1,2,12,201
datasets/CleanSet1/html/nic.ru_clean.html,1,0,0,0,0,0,0,0,1
datasets/CleanSet1/html/nic.tv_clean.html,0,0,0,0,0,1,1,0,5
datasets/CleanSet1/html/nic.video_clean.html,49,1,0,0,0,1,2,12,201
datasets/CleanSet1/html/nic.zone_clean.html,49,1,0,0,0,1,2,12,201
datasets/CleanSet1/html/nickfinder.com_clean.html,0,0,0,0,0,0,0,0,3
datasets/CleanSet1/html/nih.gov_clean.html,18,2,0,0,0,2,1,3,192
datasets/CleanSet1/html/nike.com_clean.html,43,122,0,0,0,6,7,57,324
datasets/CleanSet1/html/nikkansports.com_clean.html,43,0,0,0,0,7,5,45,185
datasets/CleanSet1/html/nikkei.com_clean.html,208,5,0,0,0,1,6,73,499
datasets/CleanSet1/html/ninisite.com_clean.html,70,0,0,0,0,4,7,17,386
datasets/CleanSet1/html/nintendo.com_clean.html,127,365,0,0,0,1,4,692,287
datasets/CleanSet1/html/nirvam.it_clean.html,7,0,0,0,0,3,0,46,27
datasets/CleanSet1/html/nist.gov_clean.html,18,4,0,0,0,4,1,6,192
datasets/CleanSet1/html/njuskalo.hr_clean.html,80,0,0,0,0,12,3,9,190
datasets/CleanSet1/html/no-ip.com_clean.html,27,35,0,0,0,2,1,12,362
datasets/CleanSet1/html/noaa.gov_clean.html,9,2,0,0,0,27,1,2,192
datasets/CleanSet1/html/notamedia.ru_clean.html,48,47,1,0,0,1,1,36,389
datasets/CleanSet1/html/nova.rs_clean.html,161,49,0,0,0,5,12,64,224
datasets/CleanSet1/html/novinky.cz_clean.html,30,35,0,0,0,1,3,25,303
datasets/CleanSet1/html/npr.org_clean.html,96,0,0,0,0,4,6,39,227
datasets/CleanSet1/html/nps.gov_clean.html,17,10,0,0,0,5,1,5,175
datasets/CleanSet1/html/nsone.net_clean.html,0,0,0,0,0,5,1,0,0
datasets/CleanSet1/html/ntp.org_clean.html,6,0,0,0,0,2,6,9,39
datasets/CleanSet1/html/ntppool.org_clean.html,2,10,0,0,0,1,1,0,76
datasets/CleanSet1/html/nvidia.com_clean.html,87,23,0,0,0,4,0,17,433
datasets/CleanSet1/html/nya2.com_clean.html,1,0,0,0,0,1,0,0,6
datasets/CleanSet1/html/nypost.com_clean.html,147,53,6,0,0,54,5,13,977
datasets/CleanSet1/html/nytimes.com_clean.html,120,51,0,0,0,3,5,179,323
datasets/CleanSet1/html/oddspark.com_clean.html,22,0,0,0,0,5,0,6,68
datasets/CleanSet1/html/odoo.com_clean.html,84,1,1,0,0,1,1,11,349
datasets/CleanSet1/html/office.com_clean.html,31,34,0,0,0,3,1,44,170
datasets/CleanSet1/html/office365.com_clean.html,2,0,0,0,0,3,1,0,83
datasets/CleanSet1/html/ojogodobicho.com_clean.html,1,0,0,0,0,1,4,3,18
datasets/CleanSet1/html/ok.ru_clean.html,18,16,0,0,0,11,6,21,252
datasets/CleanSet1/html/okta.com_clean.html,110,5,0,0,0,4,0,29,350
datasets/CleanSet1/html/okxxx1.com_clean.html,98,191,0,0,0,0,13,67,213
datasets/CleanSet1/html/olx.pl_clean.html,44,40,0,0,0,1,2,8,148
datasets/CleanSet1/html/one.one_clean.html,37,1,0,0,0,2,12,2,272
datasets/CleanSet1/html/onedrive.com_clean.html,2,0,0,0,0,3,1,0,83
datasets/CleanSet1/html/onelink.me_clean.html,26,0,0,0,0,15,3,7,453
datasets/CleanSet1/html/onesignal.com_clean.html,10,40,0,0,0,4,4,20,265
datasets/CleanSet1/html/onet.pl_clean.html,17,12,0,1,0,28,5,134,243
datasets/CleanSet1/html/onetag-sys.com_clean.html,1,0,0,0,0,0,0,2,0
datasets/CleanSet1/html/onetrust.com_clean.html,35,0,0,0,0,4,1,3,300
datasets/CleanSet1/html/onlinepbx.ru_clean.html,114,76,0,0,0,11,4,505,613
datasets/CleanSet1/html/opendns.com_clean.html,9,0,0,0,0,7,0,1,80
datasets/CleanSet1/html/openstreetmap.org_clean.html,3,21,0,0,0,3,15,0,131
datasets/CleanSet1/html/opera.com_clean.html,36,6,0,0,0,10,11,9,223
datasets/CleanSet1/html/optimizely.com_clean.html,26,8,0,0,0,9,4,41,438
datasets/CleanSet1/html/otto.de_clean.html,23,30,0,0,0,39,20,111,323
datasets/CleanSet1/html/oup.com_clean.html,19,13,0,0,0,10,3,17,166
datasets/CleanSet1/html/outbrain.com_clean.html,16,0,0,0,0,2,16,4,119
datasets/CleanSet1/html/outlook.com_clean.html,1,0,0,0,0,0,2,0,13
datasets/CleanSet1/html/overload.su_clean.html,11,12,1,0,0,1,5,30,400
datasets/CleanSet1/html/ovh.net_clean.html,1,0,0,0,0,1,1,0,3
datasets/CleanSet1/html/pages.dev_clean.html,3,24,0,0,0,0,1,5,114
datasets/CleanSet1/html/palmplaystore.com_clean.html,3,0,0,0,0,1,1,0,144
datasets/CleanSet1/html/paloaltonetworks.com_clean.html,122,2,4,0,0,1,18,23,458
datasets/CleanSet1/html/pandora.com_clean.html,0,0,0,0,0,0,0,0,14
datasets/CleanSet1/html/patreon.com_clean.html,32,71,4,0,0,2,3,16,300
datasets/CleanSet1/html/paypal.com_clean.html,7,10,0,0,0,12,8,59,286
datasets/CleanSet1/html/pbs.org_clean.html,28,16,0,0,0,41,3,11,126
datasets/CleanSet1/html/pccc.com_clean.html,19,0,0,0,0,56,3,10,230
datasets/CleanSet1/html/pendo.io_clean.html,107,30,0,0,0,3,3,179,1417
datasets/CleanSet1/html/people.com_clean.html,149,136,0,0,0,1,8,76,498
datasets/CleanSet1/html/php.net_clean.html,4,9,0,0,0,10,5,0,68
datasets/CleanSet1/html/pinimg.com_clean.html,0,0,0,0,0,0,3,1,21
datasets/CleanSet1/html/pinterest.com_clean.html,0,0,0,0,0,0,3,1,21
datasets/CleanSet1/html/pki.goog_clean.html,4,5,0,0,0,2,1,4,71
datasets/CleanSet1/html/playrix.com_clean.html,0,0,0,0,0,2,5,1,0
datasets/CleanSet1/html/playstation.com_clean.html,120,69,6,0,0,7,5,31,520
datasets/CleanSet1/html/plesk.com_clean.html,43,2,0,0,0,54,3,7,609
datasets/CleanSet1/html/pornhub.com_clean.html,130,1,4,0,0,18,1,10,634
datasets/CleanSet1/html/primevideo.com_clean.html,17,22,0,0,0,8,16,28,156
datasets/CleanSet1/html/prnewswire.com_clean.html,25,2,0,0,0,4,1,78,269
datasets/CleanSet1/html/pubmatic.com_clean.html,27,7,0,0,0,11,3,14,174
datasets/CleanSet1/html/python.org_clean.html,1,0,0,0,0,4,6,0,120
datasets/CleanSet1/html/qq.com_clean.html,17,2,0,0,0,1,1,29,121
datasets/CleanSet1/html/qualtrics.com_clean.html,9,28,0,0,3,5,1,20,590
datasets/CleanSet1/html/quickconnect.to_clean.html,10,0,0,0,0,1,1,0,19
datasets/CleanSet1/html/rackspace.com_clean.html,44,0,0,0,0,3,3,8,325
datasets/CleanSet1/html/rainberrytv.com_clean.html,1,0,0,0,0,3,1,0,25
datasets/CleanSet1/html/rakuten.co.jp_clean.html,0,0,0,0,0,0,0,0,0
datasets/CleanSet1/html/rakuten.com_clean.html,1,0,0,0,0,0,21,1,21
datasets/CleanSet1/html/rambler.ru_clean.html,67,20,0,0,0,3,7,19,257
datasets/CleanSet1/html/rayjump.com_clean.html,5,0,0,0,0,2,0,2,16
datasets/CleanSet1/html/rbc.ru_clean.html,27,0,0,0,0,6,9,27,384
datasets/CleanSet1/html/redd.it_clean.html,52,16,0,0,0,8,7,122,373
datasets/CleanSet1/html/reddit.com_clean.html,27,13,0,0,0,9,7,40,360
datasets/CleanSet1/html/redhat.com_clean.html,52,74,1,0,0,7,1,154,265
datasets/CleanSet1/html/reg.ru_clean.html,1,0,0,0,0,0,0,0,1
datasets/CleanSet1/html/registrar-servers.com_clean.html,3,0,0,0,0,1,8,0,9
datasets/CleanSet1/html/repubblica.it_clean.html,197,21,0,0,0,2,7,6,148
datasets/CleanSet1/html/reuters.com_clean.html,35,75,0,0,0,2,3,69,335
datasets/CleanSet1/html/ring.com_clean.html,13,0,0,0,0,24,1,12,73
datasets/CleanSet1/html/roblox.com_clean.html,0,0,0,0,0,25,2,0,5
datasets/CleanSet1/html/roku.com_clean.html,0,0,0,0,0,3,0,1,4
datasets/CleanSet1/html/rspamd.com_clean.html,0,0,0,0,0,2,0,0,0
datasets/CleanSet1/html/rt.ru_clean.html,4,1,0,1,0,0,1,6,1
datasets/CleanSet1/html/rubiconproject.com_clean.html,45,52,0,0,0,5,3,9,455
datasets/CleanSet1/html/rutube.ru_clean.html,121,39,0,0,0,4,3,240,234
datasets/CleanSet1/html/ryanair.com_clean.html,0,0,0,0,0,0,12,0,2
datasets/CleanSet1/html/sagepub.com_clean.html,9,6,0,0,0,1,11,29,179
datasets/CleanSet1/html/salesforce.com_clean.html,186,14,0,0,0,431,1,108,332
datasets/CleanSet1/html/salesforceliveagent.com_clean.html,186,14,0,0,0,431,1,108,332
datasets/CleanSet1/html/samsung.com_clean.html,255,67,0,0,0,1,3,5,327
datasets/CleanSet1/html/samsungapps.com_clean.html,0,0,0,0,0,0,0,0,0
datasets/CleanSet1/html/samsungosp.com_clean.html,4,0,0,0,0,0,0,2,18
datasets/CleanSet1/html/sapo.pt_clean.html,306,16,0,0,0,3,14,7,208
datasets/CleanSet1/html/sberbank.ru_clean.html,0,0,0,0,0,1,1,0,0
datasets/CleanSet1/html/scorecardresearch.com_clean.html,3,0,0,0,0,2,0,9,21
datasets/CleanSet1/html/scribd.com_clean.html,78,76,0,0,0,1,1,89,290
datasets/CleanSet1/html/sedo.com_clean.html,5,1,0,0,0,1,5,2,62
datasets/CleanSet1/html/seedtag.com_clean.html,122,0,0,0,0,1,0,64,149
datasets/CleanSet1/html/segment.io_clean.html,15,118,0,0,0,4,4,68,288
datasets/CleanSet1/html/sentinelone.net_clean.html,0,0,0,0,0,1,1,0,0
datasets/CleanSet1/html/sentry.io_clean.html,138,80,0,0,1,0,1,198,517
datasets/CleanSet1/html/service.gov.uk_clean.html,3,13,0,0,0,2,4,0,204
datasets/CleanSet1/html/seznam.cz_clean.html,244,158,0,0,0,1,5,87,406
datasets/CleanSet1/html/shalltry.com_clean.html,0,0,0,0,0,0,0,0,0
datasets/CleanSet1/html/sharepoint.com_clean.html,2,0,0,0,0,3,1,0,83
datasets/CleanSet1/html/sharethrough.com_clean.html,50,0,7,0,0,1,2,13,271
datasets/CleanSet1/html/shein.com_clean.html,44,19,0,0,0,0,3,246,177
datasets/CleanSet1/html/shopee.co.id_clean.html,0,0,0,0,0,1,2,1,0
datasets/CleanSet1/html/shopee.com.br_clean.html,0,0,0,0,0,1,2,1,0
datasets/CleanSet1/html/shopeemobile.com_clean.html,0,0,0,0,0,1,2,1,0
datasets/CleanSet1/html/shopify.com_clean.html,66,27,1,0,0,2,6,73,1243
datasets/CleanSet1/html/shutterstock.com_clean.html,5,26,0,0,0,2,11,7,250
datasets/CleanSet1/html/sina.com.cn_clean.html,85,0,0,0,0,1,2,222,339
datasets/CleanSet1/html/singular.net_clean.html,74,5,1,0,0,1,5,7,278
datasets/CleanSet1/html/skype.com_clean.html,38,0,1,0,0,0,1,7,54
datasets/CleanSet1/html/slack.com_clean.html,59,25,19,0,0,6,1,21,249
datasets/CleanSet1/html/slideshare.net_clean.html,5,9,0,0,0,0,4,145,171
datasets/CleanSet1/html/smartadserver.com_clean.html,119,8,6,0,0,3,2,68,267
datasets/CleanSet1/html/smartthings.com_clean.html,372,115,0,0,0,19,3,27,543
datasets/CleanSet1/html/snapchat.com_clean.html,0,16,0,0,0,2,1,0,58
datasets/CleanSet1/html/sohu.com_clean.html,12,0,0,0,0,2,6,6,134
datasets/CleanSet1/html/soundcloud.com_clean.html,0,1,0,0,0,2,3,0,32
datasets/CleanSet1/html/spamhaus.org_clean.html,11,67,0,0,0,5,0,57,327
datasets/CleanSet1/html/speedtest.net_clean.html,0,90,0,0,0,1,4,3,81
datasets/CleanSet1/html/spiegel.de_clean.html,616,1179,18,0,0,3,9,113,909
datasets/CleanSet1/html/split.io_clean.html,48,0,0,0,0,1,2,1,116
datasets/CleanSet1/html/sportradar.com_clean.html,77,38,1,0,0,4,3,40,335
datasets/CleanSet1/html/spotify.com_clean.html,0,0,0,0,0,1,3,0,3
datasets/CleanSet1/html/springer.com_clean.html,8,1,0,0,0,1,1,5,61
datasets/CleanSet1/html/squarespace.com_clean.html,53,55,11,0,1,4,9,346,455
datasets/CleanSet1/html/stackadapt.com_clean.html,55,89,4,0,0,15,3,88,635
datasets/CleanSet1/html/stanford.edu_clean.html,30,0,0,0,0,6,16,9,86
datasets/CleanSet1/html/staples.com_clean.html,14,34,0,0,0,7,1,47,257
datasets/CleanSet1/html/statista.com_clean.html,42,229,0,0,0,7,3,151,442
datasets/CleanSet1/html/steamcommunity.com_clean.html,13,0,0,0,0,16,1,27,141
datasets/CleanSet1/html/steampowered.com_clean.html,193,0,1,0,0,8,1,205,241
datasets/CleanSet1/html/stripe.com_clean.html,59,679,0,0,1,184,4,178,899
datasets/CleanSet1/html/substack.com_clean.html,1,9,0,0,0,9,3,13,110
datasets/CleanSet1/html/supercell.com_clean.html,31,1,0,0,0,3,1,34,66
datasets/CleanSet1/html/surveymonkey.com_clean.html,20,144,0,0,0,2,3,3,2523
datasets/CleanSet1/html/synology.com_clean.html,12,6,0,0,0,7,10,0,130
datasets/CleanSet1/html/t-online.de_clean.html,281,116,0,0,0,7,5,348,711
datasets/CleanSet1/html/t.co_clean.html,1,0,0,0,0,0,1,0,4
datasets/CleanSet1/html/t.me_clean.html,11,1,2,0,0,2,5,0,97
datasets/CleanSet1/html/taboola.com_clean.html,59,16,0,0,0,2,3,5,344
datasets/CleanSet1/html/taobao.com_clean.html,0,0,0,0,0,5,1,117,15
datasets/CleanSet1/html/tapad.com_clean.html,27,0,0,0,0,4,5,21,108
datasets/CleanSet1/html/target.com_clean.html,42,25,0,0,18,11,6,176,294
datasets/CleanSet1/html/teads.tv_clean.html,1,0,0,0,0,0,1,0,2
datasets/CleanSet1/html/teamviewer.com_clean.html,109,131,0,0,0,3,2,0,355
datasets/CleanSet1/html/techcrunch.com_clean.html,70,47,0,0,0,19,3,45,536
datasets/CleanSet1/html/ted.com_clean.html,0,12,0,0,0,1,5,50,249
datasets/CleanSet1/html/telegram.me_clean.html,11,1,2,0,0,2,5,0,97
datasets/CleanSet1/html/telegram.org_clean.html,11,1,2,0,0,2,5,0,97
datasets/CleanSet1/html/telekom.de_clean.html,267,17,0,0,0,9,0,41,388
datasets/CleanSet1/html/telekom.net_clean.html,70,2,0,0,0,1,5,2,160
datasets/CleanSet1/html/temu.com_clean.html,0,0,0,0,0,0,0,0,0
datasets/CleanSet1/html/tencent.com_clean.html,36,0,0,0,0,10,0,6,124
datasets/CleanSet1/html/theatlantic.com_clean.html,67,34,0,0,0,3,5,2,272
datasets/CleanSet1/html/theguardian.com_clean.html,112,103,1,0,0,1,6,447,396
datasets/CleanSet1/html/themeforest.net_clean.html,84,113,0,0,0,1,5,73,358
datasets/CleanSet1/html/theverge.com_clean.html,75,81,0,0,0,3,8,81,388
datasets/CleanSet1/html/threads.com_clean.html,0,0,0,0,0,1,1,1,6
datasets/CleanSet1/html/tiktok.com_clean.html,0,9,0,0,0,2,1,6,60
datasets/CleanSet1/html/tiktokv.com_clean.html,0,9,0,0,0,2,1,6,60
datasets/CleanSet1/html/tiktokw.us_clean.html,0,9,0,0,0,2,1,6,60
datasets/CleanSet1/html/time.com_clean.html,112,36,0,1,0,2,4,129,447
datasets/CleanSet1/html/timeweb.ru_clean.html,14,103,0,0,0,0,1,109,425
datasets/CleanSet1/html/tinyurl.com_clean.html,1,2,0,0,0,3,9,3,22
datasets/CleanSet1/html/tp-link.com_clean.html,41,0,0,0,0,2,2,35,233
datasets/CleanSet1/html/tplinkcloud.com_clean.html,15,0,0,0,0,6,2,8,66
datasets/CleanSet1/html/tradingview.com_clean.html,260,205,1,0,0,125,2,428,556
datasets/CleanSet1/html/trendmicro.com_clean.html,79,14,4,0,0,5,1,48,535
datasets/CleanSet1/html/trustpilot.com_clean.html,205,15,0,0,0,2,5,50,245
datasets/CleanSet1/html/tumblr.com_clean.html,0,17,0,0,0,9,4,8,82
datasets/CleanSet1/html/twitch.tv_clean.html,0,2,0,0,0,1,2,0,21
datasets/CleanSet1/html/twitter.com_clean.html,1,6,0,0,0,0,3,5,56
datasets/CleanSet1/html/typeform.com_clean.html,171,27,2,0,0,1,2,78,235
datasets/CleanSet1/html/ubnt.com_clean.html,1,0,0,0,0,1,5,0,0
datasets/CleanSet1/html/ubuntu.com_clean.html,63,7,0,0,0,2,4,10,151
datasets/CleanSet1/html/ui.com_clean.html,1,0,0,0,0,1,5,0,0
datasets/CleanSet1/html/uk.com_clean.html,35,0,0,0,0,2,2,1,106
datasets/CleanSet1/html/un.org_clean.html,5,0,0,0,0,8,1,5,57
datasets/CleanSet1/html/unesco.org_clean.html,40,0,0,0,0,4,3,1,294
datasets/CleanSet1/html/unity3d.com_clean.html,5,38,0,0,0,5,1,26,239
datasets/CleanSet1/html/unpkg.com_clean.html,0,0,0,0,0,2,1,9,89
datasets/CleanSet1/html/unrulymedia.com_clean.html,0,0,0,0,0,0,0,0,0
datasets/CleanSet1/html/uol.com.br_clean.html,190,8,0,0,0,0,2,130,472
datasets/CleanSet1/html/usatoday.com_clean.html,40,39,1,0,0,0,0,39,138
datasets/CleanSet1/html/userapi.com_clean.html,1,1,0,0,0,0,2,5,6
datasets/CleanSet1/html/usps.com_clean.html,55,0,0,0,0,5,1,22,172
datasets/CleanSet1/html/utorrent.com_clean.html,17,7,0,0,0,3,1,29,199
datasets/CleanSet1/html/verisign.com_clean.html,10,28,1,0,0,1,1,0,458
datasets/CleanSet1/html/viber.com_clean.html,18,0,1,0,0,4,14,1,177
datasets/CleanSet1/html/vimeo.com_clean.html,45,345,25,0,0,4,3,306,1133
datasets/CleanSet1/html/visualstudio.com_clean.html,41,2,1,0,0,74,3,108,472
datasets/CleanSet1/html/vivo.com.cn_clean.html,213,0,0,0,1,4,1,14,229
datasets/CleanSet1/html/vivoglobal.com_clean.html,5,0,0,0,0,0,1,2,0
datasets/CleanSet1/html/vk.com_clean.html,1,1,0,0,0,0,2,5,6
datasets/CleanSet1/html/vkontakte.ru_clean.html,1,1,0,0,0,0,2,5,6
datasets/CleanSet1/html/vungle.com_clean.html,43,6,6,0,0,8,1,26,280
datasets/CleanSet1/html/w3.org_clean.html,8,1,1,0,0,3,2,7,70
datasets/CleanSet1/html/w3schools.com_clean.html,21,26,0,0,0,5,5,350,492
datasets/CleanSet1/html/walmart.com_clean.html,0,0,0,0,0,0,0,1,18
datasets/CleanSet1/html/warnerbros.com_clean.html,13,22,0,0,0,0,4,82,237
datasets/CleanSet1/html/washington.edu_clean.html,5,9,0,0,0,4,0,11,149
datasets/CleanSet1/html/wattpad.com_clean.html,134,18,0,0,0,6,0,2,212
datasets/CleanSet1/html/weather.com_clean.html,6,80,0,0,0,0,13,38,350
datasets/CleanSet1/html/webex.com_clean.html,50,2,0,0,0,3,2,11,332
datasets/CleanSet1/html/webmd.com_clean.html,42,5,0,0,0,2,2,41,202
datasets/CleanSet1/html/weebly.com_clean.html,13,10,0,0,0,1,0,3,142
datasets/CleanSet1/html/weibo.com_clean.html,0,0,0,0,0,0,0,0,0
datasets/CleanSet1/html/welt.de_clean.html,85,103,2,0,0,1,6,4,390
datasets/CleanSet1/html/whitehouse.gov_clean.html,16,20,0,0,0,8,13,34,259
datasets/CleanSet1/html/who.int_clean.html,22,7,0,0,0,6,2,15,156
datasets/CleanSet1/html/wikimedia.org_clean.html,17,0,0,0,0,0,2,0,48
datasets/CleanSet1/html/wikipedia.org_clean.html,2,4,0,0,0,0,2,2,134
datasets/CleanSet1/html/wiley.com_clean.html,9,51,1,0,0,3,11,2,217
datasets/CleanSet1/html/windows.com_clean.html,18,2,0,0,0,3,1,18,192
datasets/CleanSet1/html/windows.net_clean.html,14,38,0,0,0,4,1,27,230
datasets/CleanSet1/html/wired.com_clean.html,58,25,0,0,0,0,4,1,656
datasets/CleanSet1/html/withgoogle.com_clean.html,10,11,0,0,0,2,1,34,155
datasets/CleanSet1/html/wix.com_clean.html,108,342,13,0,8,2,3,147,1024
datasets/CleanSet1/html/wixsite.com_clean.html,77,243,13,0,8,2,3,114,962
datasets/CleanSet1/html/wordpress.org_clean.html,16,22,0,0,0,10,3,45,178
datasets/CleanSet1/html/workers.dev_clean.html,2,87,0,0,3,2,2,165,639
datasets/CleanSet1/html/worldbank.org_clean.html,7,0,0,0,0,3,1,0,16
datasets/CleanSet1/html/wp.pl_clean.html,208,18,0,0,0,2,0,9,553
datasets/CleanSet1/html/wps.com_clean.html,115,0,0,0,0,0,1,26,205
datasets/CleanSet1/html/www.163.com_clean.html,59,0,0,0,0,2,1,22,287
datasets/CleanSet1/html/www.adobe.io_clean.html,18,11,0,0,0,0,2,50,205
datasets/CleanSet1/html/www.adriver.ru_clean.html,3,4,0,0,0,19,3,8,92
datasets/CleanSet1/html/www.aliexpress.com_clean.html,0,0,0,0,0,0,0,0,0
datasets/CleanSet1/html/www.amazon.com_clean.html,1,0,0,0,0,1,0,2,31
datasets/CleanSet1/html/www.amazonvideo.com_clean.html,17,22,0,0,0,8,16,28,156
datasets/CleanSet1/html/www.americanas.com.br_clean.html,0,0,0,0,0,6,0,31,1
datasets/CleanSet1/html/www.android.com_clean.html,29,83,4,0,0,4,8,40,321
datasets/CleanSet1/html/www.apache.org_clean.html,46,0,0,0,0,6,15,1,109
datasets/CleanSet1/html/www.apple.com_clean.html,0,29,0,0,0,7,0,6,184
datasets/CleanSet1/html/www.applovin.com_clean.html,3,10,0,0,0,1,1,6,168
datasets/CleanSet1/html/www.archive.org_clean.html,0,0,0,0,0,1,1,0,1
datasets/CleanSet1/html/www.azure.com_clean.html,116,3,0,0,0,26,1,36,467
datasets/CleanSet1/html/www.b3.com.br_clean.html,0,0,0,0,0,0,0,0,0
datasets/CleanSet1/html/www.baidu.com_clean.html,28,7,0,0,0,2,3,39,208
datasets/CleanSet1/html/www.bbc.com_clean.html,60,39,0,0,0,1,5,1,261
datasets/CleanSet1/html/www.bing.com_clean.html,1,1,0,0,0,29,1,2,15
datasets/CleanSet1/html/www.bit.ly_clean.html,82,11,0,0,0,1,1,46,310
datasets/CleanSet1/html/www.blogspot.com_clean.html,42,5,0,0,0,2,15,1,96
datasets/CleanSet1/html/www.claro.com.br_clean.html,66,0,0,0,0,2,1,109,399
datasets/CleanSet1/html/www.cloud.microsoft_clean.html,16,18,0,0,0,4,1,37,158
datasets/CleanSet1/html/www.cloudflare.com_clean.html,78,62,0,0,0,3,1,127,539
datasets/CleanSet1/html/www.cnn.com_clean.html,42,99,1,0,0,0,2,21,543
datasets/CleanSet1/html/www.cnnbrasil.com.br_clean.html,181,75,0,0,0,4,1,55,713
datasets/CleanSet1/html/www.coursera.org_clean.html,35,14,0,0,0,1,14,94,334
datasets/CleanSet1/html/www.criteo.com_clean.html,52,0,0,0,0,7,4,25,428
datasets/CleanSet1/html/www.digicert.com_clean.html,48,0,1,0,0,6,3,231,256
datasets/CleanSet1/html/www.discord.gg_clean.html,170,26,6,6,0,2,2,6,323
datasets/CleanSet1/html/www.doubleclick.net_clean.html,12,50,0,0,0,3,4,0,283
datasets/CleanSet1/html/www.doubleverify.com_clean.html,20,94,2,0,0,5,3,213,292
datasets/CleanSet1/html/www.dropbox.com_clean.html,67,19,0,0,0,58,1,209,369
datasets/CleanSet1/html/www.dzen.ru_clean.html,0,0,0,0,0,0,0,0,0
datasets/CleanSet1/html/www.europa.eu_clean.html,1,0,0,0,0,7,3,0,25
datasets/CleanSet1/html/www.facebook.com_clean.html,2,0,0,0,0,3,1,2,81
datasets/CleanSet1/html/www.fastly.net_clean.html,14,76,0,0,0,0,15,20,275
datasets/CleanSet1/html/www.fbcdn.net_clean.html,2,0,0,0,0,3,1,2,81
datasets/CleanSet1/html/www.flickr.com_clean.html,38,2,0,0,0,1,2,4,171
datasets/CleanSet1/html/www.gandi.net_clean.html,8,115,0,0,0,2,4,2,233
datasets/CleanSet1/html/www.github.com_clean.html,29,151,2,0,0,29,4,67,665
datasets/CleanSet1/html/www.github.io_clean.html,13,0,0,0,0,1,1,0,43
datasets/CleanSet1/html/www.globo.com_clean.html,52,6,0,0,0,2,7,34,329
datasets/CleanSet1/html/www.google-analytics.com_clean.html,10,43,0,0,0,3,4,44,251
datasets/CleanSet1/html/www.google.com_clean.html,2,0,0,0,0,0,0,10,33
datasets/CleanSet1/html/www.googledomains.com_clean.html,3,0,0,0,0,2,7,1,28
datasets/CleanSet1/html/www.gov.br_clean.html,19,1,0,0,0,12,4,11,226
datasets/CleanSet1/html/www.gov.uk_clean.html,3,13,0,0,0,8,4,0,204
datasets/CleanSet1/html/www.gravatar.com_clean.html,19,31,4,0,0,1,4,0,127
datasets/CleanSet1/html/www.hef.co.ke_clean.html,3,0,1,0,0,21,3,44,269
datasets/CleanSet1/html/www.ibm.com_clean.html,6,31,0,0,0,6,10,18,124
datasets/CleanSet1/html/www.icloud.com_clean.html,0,3,0,0,0,1,3,3,7
datasets/CleanSet1/html/www.ifood.com.br_clean.html,13,0,0,0,0,5,13,1,146
datasets/CleanSet1/html/www.instagram.com_clean.html,2,0,0,0,0,1,7,4,4
datasets/CleanSet1/html/www.inter.co_clean.html,3,19,2,0,0,5,0,6,219
datasets/CleanSet1/html/www.kabum.com.br_clean.html,66,140,0,0,0,2,1,216,486
datasets/CleanSet1/html/www.kaspersky.com_clean.html,11,93,0,0,0,3,1,102,408
datasets/CleanSet1/html/www.khanacademy.org_clean.html,0,0,0,0,0,1,5,1,7
datasets/CleanSet1/html/www.linkedin.com_clean.html,7,0,0,0,0,1,1,10,385
datasets/CleanSet1/html/www.live.com_clean.html,1,0,0,0,0,0,2,0,13
datasets/CleanSet1/html/www.magazineluiza.com.br_clean.html,33,5,0,0,0,3,5,15,363
datasets/CleanSet1/html/www.mail.ru_clean.html,0,0,0,0,0,0,1,0,0
datasets/CleanSet1/html/www.medium.com_clean.html,1,1,0,0,0,1,6,0,165
datasets/CleanSet1/html/www.mercadolivre.com.br_clean.html,80,11,0,0,0,2,2,50,276
datasets/CleanSet1/html/www.miit.gov.cn_clean.html,51,0,0,0,0,5,0,10,86
datasets/CleanSet1/html/www.miui.com_clean.html,46,5,0,0,0,2,1,179,319
datasets/CleanSet1/html/www.mozilla.org_clean.html,9,3,0,0,0,3,3,0,79
datasets/CleanSet1/html/www.msn.com_clean.html,0,0,0,0,0,1,0,0,0
datasets/CleanSet1/html/www.netflix.com_clean.html,1,25,0,0,0,1,2,80,150
datasets/CleanSet1/html/www.nginx.com_clean.html,6,18,0,0,0,2,7,59,262
datasets/CleanSet1/html/www.nginx.org_clean.html,6,0,0,0,0,1,0,3,11
datasets/CleanSet1/html/www.nic.ru_clean.html,1,0,0,0,0,0,0,0,1
datasets/CleanSet1/html/www.nih.gov_clean.html,18,2,0,0,0,2,1,3,192
datasets/CleanSet1/html/www.nist.gov_clean.html,18,4,0,0,0,4,1,6,192
datasets/CleanSet1/html/www.ntp.org_clean.html,6,0,0,0,0,2,6,9,39
datasets/CleanSet1/html/www.nubank.com.br_clean.html,4,3,5,0,0,3,5,54,193
datasets/CleanSet1/html/www.nytimes.com_clean.html,113,44,0,0,0,3,5,210,301
datasets/CleanSet1/html/www.office.com_clean.html,31,34,0,0,0,3,1,44,170
datasets/CleanSet1/html/www.opera.com_clean.html,36,8,0,0,0,11,11,10,235
datasets/CleanSet1/html/www.outlook.com_clean.html,1,0,0,0,0,0,2,0,13
datasets/CleanSet1/html/www.pagseguro.com.br_clean.html,2,4,0,0,0,2,2,1,54
datasets/CleanSet1/html/www.paypal.com_clean.html,7,10,0,0,0,11,8,59,284
datasets/CleanSet1/html/www.picpay.com_clean.html,26,27,0,0,0,1,1,60,273
datasets/CleanSet1/html/www.pinterest.com_clean.html,1,0,0,0,0,0,3,2,21
datasets/CleanSet1/html/www.pki.goog_clean.html,4,5,0,0,0,2,1,4,71
datasets/CleanSet1/html/www.python.org_clean.html,1,0,0,0,0,4,6,0,120
datasets/CleanSet1/html/www.qq.com_clean.html,17,2,0,0,0,1,1,50,121
datasets/CleanSet1/html/www.reddit.com_clean.html,47,17,0,0,0,7,7,119,392
datasets/CleanSet1/html/www.reg.ru_clean.html,1,0,0,0,0,0,0,0,1
datasets/CleanSet1/html/www.roblox.com_clean.html,0,0,0,0,0,25,2,0,5
datasets/CleanSet1/html/www.rubiconproject.com_clean.html,45,52,0,0,0,5,3,10,454
datasets/CleanSet1/html/www.samsung.com_clean.html,255,67,0,0,0,1,3,5,328
datasets/CleanSet1/html/www.santander.com.br_clean.html,67,1,0,0,0,4,1,130,100
datasets/CleanSet1/html/www.sentry.io_clean.html,138,80,0,0,1,0,1,198,517
datasets/CleanSet1/html/www.shopify.com_clean.html,66,27,1,0,0,2,6,73,1243
datasets/CleanSet1/html/www.skype.com_clean.html,38,0,1,0,0,0,1,7,54
datasets/CleanSet1/html/www.snapchat.com_clean.html,0,16,0,0,0,2,1,0,58
datasets/CleanSet1/html/www.soundcloud.com_clean.html,0,1,0,0,0,2,3,0,32
datasets/CleanSet1/html/www.t.me_clean.html,11,1,2,0,0,2,5,0,96
datasets/CleanSet1/html/www.taboola.com_clean.html,59,16,0,0,0,2,3,5,344
datasets/CleanSet1/html/www.telekom.de_clean.html,267,17,0,0,0,7,0,44,372
datasets/CleanSet1/html/www.theguardian.com_clean.html,107,96,3,0,0,1,6,449,376
datasets/CleanSet1/html/www.tiktok.com_clean.html,0,9,0,0,0,2,1,6,60
datasets/CleanSet1/html/www.tiktokv.com_clean.html,0,9,0,0,0,2,1,6,60
datasets/CleanSet1/html/www.tumblr.com_clean.html,0,19,0,0,0,9,4,8,85
datasets/CleanSet1/html/www.twitter.com_clean.html,1,6,0,0,0,0,3,5,56
datasets/CleanSet1/html/www.ui.com_clean.html,1,0,0,0,0,1,5,0,0
datasets/CleanSet1/html/www.unity3d.com_clean.html,5,38,0,0,0,5,1,27,239
datasets/CleanSet1/html/www.uol.com.br_clean.html,191,5,0,0,0,0,2,121,496
datasets/CleanSet1/html/www.vimeo.com_clean.html,69,350,25,0,0,4,3,344,1194
datasets/CleanSet1/html/www.vk.com_clean.html,6,2,0,0,0,0,3,7,58
datasets/CleanSet1/html/www.vungle.com_clean.html,43,6,6,0,0,8,1,26,280
datasets/CleanSet1/html/www.w3.org_clean.html,8,1,1,0,0,3,2,7,70
datasets/CleanSet1/html/www.w3schools.com_clean.html,21,26,0,0,0,5,5,350,492
datasets/CleanSet1/html/www.whatsapp.com_clean.html,28,66,0,0,0,3,1,187,259
datasets/CleanSet1/html/www.wikipedia.org_clean.html,1,0,0,0,0,0,2,0,85
datasets/CleanSet1/html/www.wordpress.com_clean.html,27,70,0,0,0,1,2,68,395
datasets/CleanSet1/html/www.wordpress.org_clean.html,17,22,0,0,0,10,3,48,187
datasets/CleanSet1/html/www.x.com_clean.html,1,6,0,0,0,0,3,5,56
datasets/CleanSet1/html/www.xiaomi.com_clean.html,122,2,0,0,0,6,3,19,226
datasets/CleanSet1/html/www.yahoo.com_clean.html,1,0,0,0,0,1,3,2,111
datasets/CleanSet1/html/www.yandex.net_clean.html,2,2,0,0,0,1,5,7,43
datasets/CleanSet1/html/www.yandex.ru_clean.html,0,0,0,0,0,0,0,0,0
datasets/CleanSet1/html/www.youtube.com_clean.html,0,3,0,0,0,5,5,42,30
datasets/CleanSet1/html/www.zoom.us_clean.html,92,17,0,0,0,3,2,45,423
datasets/CleanSet1/html/wyzecam.com_clean.html,62,70,0,0,0,67,1,41,430
datasets/CleanSet1/html/x.com_clean.html,1,6,0,0,0,0,3,5,56
datasets/CleanSet1/html/xbox.com_clean.html,37,2,0,0,0,9,7,21,162
datasets/CleanSet1/html/xboxlive.com_clean.html,18,2,1,0,0,11,0,20,154
datasets/CleanSet1/html/xerox.com_clean.html,10,78,0,0,0,40,3,816,218
datasets/CleanSet1/html/xhamster.com_clean.html,121,33,0,0,0,6,15,54,379
datasets/CleanSet1/html/xiaohongshu.com_clean.html,0,0,0,0,0,1,1,0,0
datasets/CleanSet1/html/xiaomi.com_clean.html,122,2,0,0,0,6,3,19,226
datasets/CleanSet1/html/xiaomi.net_clean.html,122,2,0,0,0,6,3,19,226
datasets/CleanSet1/html/xnxx.com_clean.html,1,0,0,0,0,1,4,0,68
datasets/CleanSet1/html/xvideos.com_clean.html,49,0,0,0,0,1,5,48,198
datasets/CleanSet1/html/ya.ru_clean.html,1,8,0,0,0,0,7,5,116
datasets/CleanSet1/html/yahoo.co.jp_clean.html,3,1,0,0,0,1,3,75,287
datasets/CleanSet1/html/yahoo.com_clean.html,1,0,0,0,0,1,3,2,136
datasets/CleanSet1/html/yandex.com_clean.html,1,7,0,0,0,0,7,9,96
datasets/CleanSet1/html/yandex.net_clean.html,1,9,0,0,0,0,7,6,126
datasets/CleanSet1/html/yandex.ru_clean.html,0,0,0,0,0,0,0,0,0
datasets/CleanSet1/html/yelp.com_clean.html,8,15,0,0,0,0,2,5,164
datasets/CleanSet1/html/yieldmo.com_clean.html,41,13,2,0,0,37,3,15,423
datasets/CleanSet1/html/yimg.com_clean.html,0,0,0,0,0,0,0,0,0
datasets/CleanSet1/html/youku.com_clean.html,164,0,0,0,0,1,1,195,181
datasets/CleanSet1/html/youtu.be_clean.html,0,3,0,0,0,5,5,42,30
datasets/CleanSet1/html/youtube.com_clean.html,0,3,0,0,0,5,5,42,30
datasets/CleanSet1/html/ys7.com_clean.html,136,0,0,0,0,5,0,16,113
datasets/CleanSet1/html/zemanta.com_clean.html,2,0,0,0,0,10,8,3,91
datasets/CleanSet1/html/zendesk.com_clean.html,128,135,0,0,0,0,9,203,475
datasets/CleanSet1/html/zoho.com_clean.html,8,0,0,0,0,4,1,0,95
datasets/CleanSet1/html/zoom.us_clean.html,92,17,0,0,0,3,2,45,423
